n0,ne/n0,(Ar)/n0,(Ar*(1))/n0,(Ar*(2))/n0,(Ar*(3))/n0,Tg,E,energy,mobility,diffusion,C0,C1,C2,C3,C4,C5,C6,C7
3.22e+22,7.661110340436647e-06,0.9999923380941255,6.365974117305305e-10,1.5893656034176107e-10,0.0,1009.7245849435926,0.06934151699039712,0.13007602037365615,7.209119708961859e+17,2.4431931255726666e+25,1.3484627710879273e-15,0.0,0.0,0.0,0.0,1.0966580209389072e-26,3.2500493090681166e-26,6.489949589739887e-24
3.22e+22,4.679152388737093e-06,0.9999953205764704,2.2068866161506683e-10,5.045226898041415e-11,0.0,1115.454491532764,0.5099764287361066,0.1305580295444516,3.310103066996772e+20,2.451210193105306e+25,1.3471458470584862e-15,0.0,0.0,0.0,0.0,1.07746677244144e-26,3.203493882562651e-26,6.43193614948813e-24
3.22e+22,6.083761478333362e-14,0.9999999999999396,3.826909342602736e-17,3.494849407652078e-18,9.993392460249776e-25,1486.9428874396935,6.520878263720762e-13,0.13016182249829336,-165175148.46247146,2.4437429999602482e+25,1.3484034739224814e-15,0.0,0.0,0.0,0.0,1.0458911267764047e-32,3.000909173193956e-32,1.0240688102715322e-26
3.22e+22,1.3652622488842907e-06,0.9999986347149892,1.784028513443226e-11,4.921670501077299e-12,0.0,1064.9731042978237,4.692219826529155,0.1674400039303569,2.9873699773886123e+23,2.9212513700745307e+25,1.3213833995474366e-15,0.0,0.0,0.0,0.0,2.825886949911237e-26,7.193838617318026e-26,1.0072779323311063e-23
3.22e+22,7.652212933024154e-07,0.9999992347692774,7.856044494303913e-12,1.5730319018203946e-12,1.2490501010126093e-16,1228.1968062156545,0.9166602696751561,0.13151230141741754,1.891854762102884e+21,2.4669848381797143e+25,1.3445811126385317e-15,0.0,0.0,0.0,0.0,8.54179560959635e-27,2.5516184101951786e-26,5.082843391219359e-24
3.22e+22,1.097390344417726e-06,0.999998902590662,1.5982572008036125e-11,3.0111788798115346e-12,0.0,1351.273351507936,0.07945765119924487,0.13014582333075836,8.709191739247046e+18,2.4443149059821375e+25,1.3482950520963875e-15,0.0,0.0,0.0,0.0,9.1392846354322e-27,2.727652080242016e-26,5.5601512625172056e-24
3.22e+22,1.8120481139353591e-06,0.9999981878968809,3.619504534798519e-11,1.8810157067785174e-11,0.0,571.9852702697514,1.4514746255017263,0.1336555470174521,6.199858843073183e+21,2.501579949142683e+25,1.3392656687703717e-15,0.0,0.0,0.0,0.0,1.0290625630337575e-26,3.0659333867190695e-26,6.260463442035004e-24
3.22e+22,2.8683080993830617e-06,0.9999971315936198,7.95128207693839e-11,1.8767970532588863e-11,0.0,1121.9632176553885,0.34975093989784367,0.13030723451584295,1.1902313961912921e+20,2.447042690909408e+25,1.347829032584867e-15,0.0,0.0,0.0,0.0,1.0261192673108742e-26,3.0640396626145755e-26,6.236875735414052e-24
3.22e+22,4.189025900227745e-06,0.999995810730025,1.857941890933672e-10,5.828064499511889e-11,0.0,888.2552409177799,2.0559334992825375,0.1376394781192379,1.977045214269601e+22,2.5629158714426677e+25,1.3309601118393992e-15,0.0,0.0,0.0,0.0,1.286486124885832e-26,3.7319401827915345e-26,7.14230822687746e-24
3.22e+22,5.18461029974274e-07,0.9999994815355722,2.7985590730442914e-12,5.993378086955034e-13,0.0,1276.6037098209938,0.06191050287441043,0.13012647881812725,4.957095397298684e+18,2.4439674549890476e+25,1.3483626084628247e-15,0.0,0.0,0.0,0.0,7.45390187513799e-27,2.2238117973758973e-26,4.230022191705077e-24
3.22e+22,6.753165944445419e-07,0.9999993246760511,4.433710383919087e-12,2.9207268178513036e-12,0.0,346.47676136852635,0.37366020057445903,0.13016684972078643,4.224889305038203e+19,2.4448568729550364e+25,1.348125389184705e-15,0.0,0.0,0.0,0.0,6.963895128492346e-27,2.1678296148707222e-26,4.67820193523597e-24
3.22e+22,1.2939572309272695e-06,0.9999987060236444,1.5394096259541217e-11,3.730339415501727e-12,0.0,1148.7249378949587,0.2109342890407317,0.13017130772978716,3.166039678835424e+19,2.444769959929263e+25,1.3482072132390603e-15,0.0,0.0,0.0,0.0,9.233992344084972e-27,2.7695973352034934e-26,5.730120595782431e-24
3.22e+22,4.950204086989272e-08,0.9999999504978972,2.5214260801275588e-14,3.6830886409745175e-14,0.0,377.9192532063998,1.6957623328818812,0.13426133457432388,7.439297299938283e+21,2.5125821130705547e+25,1.3361888416876375e-15,0.0,0.0,0.0,0.0,1.3036976830191253e-27,4.2662023665601095e-27,7.185699794273208e-25
3.22e+22,7.209690883552679e-07,0.9999992790173021,1.1726165288951645e-11,1.162695632563829e-12,7.244878012435814e-13,1504.4148274898528,4.385785904800442,0.16175605865932413,2.6418544522522766e+23,2.8673778353747828e+25,1.3149961245378766e-15,0.0,0.0,0.0,0.0,1.4776855719171507e-26,4.0889395336012164e-26,6.728507637307751e-24
3.22e+22,9.069258678841902e-10,0.9999999990930173,5.19057716911718e-14,4.905288637555439e-15,0.0,1401.8167620516301,6.147550265621669e-13,0.13014495216323646,-95816066.07488945,2.443656926418244e+25,1.3484316406361672e-15,0.0,0.0,0.0,0.0,4.379360221352647e-29,1.2402557379306602e-28,2.5616057362602276e-26
3.22e+22,7.435889932141622e-08,0.9999999256409322,8.722475072771875e-14,8.138278387593037e-14,0.0,338.25773643650655,1.735018032653169,0.13448166425040353,7.697693537431532e+21,2.5163340516322415e+25,1.3358138433946641e-15,0.0,0.0,0.0,0.0,1.8197078048726327e-27,5.9574022552173235e-27,1.0314647816469783e-24
3.22e+22,3.9594372414666716e-06,0.9999960402467031,2.1411785843604503e-10,1.0193666530786988e-10,8.017105348397212e-16,493.33031569503936,0.0226279368829906,0.12996564150388845,-3.6820986002696566e+18,2.4413683239660224e+25,1.348757239812131e-15,0.0,0.0,0.0,0.0,1.0345807292768162e-26,3.0849016696890336e-26,6.287757381501581e-24
3.22e+22,2.0329610858951284e-06,0.9999979669767111,5.191670130918964e-11,6.919044331602621e-12,3.394131844884343e-12,1542.5618337042592,0.9497675661671494,0.131756813472693,2.3912238770105945e+21,2.4709102959259388e+25,1.3439931149811756e-15,0.0,0.0,0.0,0.0,1.0477788670606474e-26,3.105202297648549e-26,6.242462551135666e-24
3.22e+22,1.8098184829377896e-08,0.9999999819017455,5.358842100776261e-14,1.605586814786462e-14,0.0,1335.363221875731,5.856133553612118e-13,0.13013181469229657,65599518.39305751,2.4437217240051177e+25,1.3484989185311916e-15,0.0,0.0,0.0,0.0,7.12935455906194e-28,2.0399569588792924e-27,2.871241752008147e-25
3.22e+22,6.582207746068726e-06,0.9999934170342537,5.483684259969321e-10,2.0963173256006693e-10,0.0,677.6014897620655,0.003991599745896948,0.1300013252071471,-3.085658111686442e+17,2.441953191579019e+25,1.3486649836524518e-15,0.0,0.0,0.0,0.0,1.0851390235444225e-26,3.215242448498696e-26,6.4479130348050195e-24
3.22e+22,2.2232156778056407e-06,0.9999977767222592,5.372801802431086e-11,8.629842894475787e-12,3.7203186211853906e-14,1450.324229336456,0.06662467576713227,0.13016257401635262,9.319746805056848e+18,2.4446085280729252e+25,1.3482407289709302e-15,0.0,0.0,0.0,0.0,1.016480901745436e-26,3.026360915225107e-26,6.1420080551301336e-24
3.22e+22,6.352178333512534e-06,0.9999936472385716,4.496041562883168e-10,1.3349071759709284e-10,0.0,890.3377411935005,0.06836468153546364,0.13005203505761392,-1.213622525401847e+18,2.4427955024950587e+25,1.3485273960069373e-15,0.0,0.0,0.0,0.0,1.0844645191656561e-26,3.219413457754354e-26,6.45713982524268e-24
3.22e+22,3.3374989265383283e-06,0.9999966623693692,1.0887245456686468e-10,2.2831910322377124e-11,0.0,1213.2956018000768,0.24333615372804027,0.13021360928077552,4.721024837700188e+19,2.4454793337500216e+25,1.348088497394782e-15,0.0,0.0,0.0,0.0,1.0433332196702455e-26,3.110617926273211e-26,6.29882598750112e-24
3.22e+22,2.219855820166856e-06,0.9999977800909147,4.533998034905283e-11,7.929270482168926e-12,8.251626946240897e-17,1413.1761685266679,5.723273415432907,0.18655825934116468,6.537759168827364e+23,3.0693822762494344e+25,1.3612117011045541e-15,0.0,0.0,0.0,0.0,2.7165155040019437e-25,5.791051846578051e-25,4.2391667214324756e-23
3.22e+22,4.9849884520935545e-06,0.999995014685304,2.58001419919869e-10,6.824237447294318e-11,0.0,1002.7170604575606,2.0851450946789694,0.13791739968306052,2.1494856261058114e+22,2.5670467704614628e+25,1.3304620571089953e-15,0.0,0.0,0.0,0.0,1.310490394510913e-26,3.7963058862620684e-26,7.23576378655362e-24
3.22e+22,7.733963600313182e-07,0.9999992265968536,5.488036141521575e-12,1.2984059890375e-12,0.0,1193.812093920576,0.12329214995683464,0.13012917317168987,1.073318014911165e+19,2.444049081593317e+25,1.3483339411565423e-15,0.0,0.0,0.0,0.0,8.307911282352886e-27,2.4914609865982082e-26,5.0178953184784705e-24
3.22e+22,1.0135220048563828e-06,0.9999989864603902,1.1353690039750197e-11,6.25136493959264e-12,0.0,777.7778895579781,0.06699743154096484,0.13002879846415105,-3.8124562134213617e+18,2.4424358565308677e+25,1.3485752394515115e-15,0.0,0.0,0.0,0.0,8.38053072130214e-27,2.546421366006957e-26,5.38224681069445e-24
3.22e+22,1.5458685332234238e-06,0.9999984540961002,2.946726119500336e-11,4.0386186257268684e-12,1.8617692933304448e-12,1542.5069593007884,2.3344589247674667,0.13959710098868247,3.60238350803711e+22,2.5920116551619913e+25,1.3273744683401443e-15,0.0,0.0,0.0,0.0,1.1833740188028723e-26,3.4491107250167165e-26,6.671254971955175e-24
3.22e+22,1.5655291784934085e-07,0.9999998434465939,2.629961888789622e-13,2.251451099781163e-13,0.0,489.6897599734062,2.285684629887393,0.13799291682029932,2.029603760073492e+22,2.5706288057010803e+25,1.3284801632445392e-15,0.0,0.0,0.0,0.0,3.665593597166945e-27,1.1455292265902195e-26,1.9935711662796597e-24
3.22e+22,1.822349026956284e-08,0.9999999817764004,9.826049416544097e-14,1.1134460908159735e-14,0.0,1424.2467977363003,6.245892757698723e-13,0.13014944728977432,89319712.5021133,2.443907468838895e+25,1.3485020472783e-15,0.0,0.0,0.0,0.0,7.32891556056746e-28,2.080485071755839e-27,2.9033550660326475e-25
3.22e+22,2.434297322022164e-06,0.999997565603732,6.686732322599648e-11,3.2078593149177864e-11,0.0,605.1528308513455,0.9756030786932745,0.13166950865309981,1.8479012811688148e+21,2.469544121805537e+25,1.3441830108536841e-15,0.0,0.0,0.0,0.0,1.0209364176777328e-26,3.0510049577847966e-26,6.256319368966746e-24
3.22e+22,1.723946599157693e-05,0.9999827568083015,2.9975687023499924e-09,3.8112049422580067e-10,3.4701781443290813e-10,1617.0630187500424,0.011508814617304273,0.13018813778665167,2.4413234560077133e+18,2.4450578266005787e+25,1.348157117208288e-15,0.0,0.0,0.0,0.0,1.1404514805081051e-26,3.3594639535860624e-26,6.618589122990254e-24
3.22e+22,1.995100699382337e-06,0.9999980048533587,3.7491272561989386e-11,8.450484306700706e-12,0.0,1200.4934020439903,5.138540556904097,0.17559335528181436,4.3165639324598606e+23,2.9906113543963926e+25,1.3348169732855384e-15,0.0,0.0,0.0,0.0,6.762532978149406e-26,1.570477963977284e-25,1.6946334721742938e-23
3.22e+22,1.1086821478343266e-06,0.9999988913025558,1.2423735586727703e-11,2.8725510434896844e-12,0.0,1234.3309914686479,5.419245929816552e-13,0.13011183773246685,45949040.883026466,2.4437625579748164e+25,1.3483803181524518e-15,0.0,0.0,0.0,0.0,9.051148999677747e-27,2.70986442658915e-26,5.5623667562777364e-24
3.22e+22,1.3642115053202225e-05,0.9999863556168122,1.8491166193816074e-09,2.4128494890837775e-10,1.7773320311207787e-10,1595.4459535600226,0.01474702444582686,0.13018399560985403,3.4023985226584847e+18,2.4449875855582346e+25,1.3481691924349927e-15,0.0,0.0,0.0,0.0,1.129163760205802e-26,3.3338325679658075e-26,6.588306762546351e-24
3.22e+22,5.794598857561734e-06,0.9999942048860925,3.8543216353112985e-10,1.2961782023106202e-10,0.0,800.1770770896394,0.0686674256282897,0.13003419171549044,-2.671228102085283e+18,2.442500102814826e+25,1.348575235427527e-15,0.0,0.0,0.0,0.0,1.0752187190672222e-26,3.1940933393762935e-26,6.419167311964507e-24
3.22e+22,6.357174102256346e-06,0.9999936423305398,4.0303067219842225e-10,5.401404166440804e-11,3.831332506844641e-11,1593.6804110873964,0.0814010455266485,0.13019529098149554,1.6361044160812808e+19,2.445168509641306e+25,1.3481423678496202e-15,0.0,0.0,0.0,0.0,1.098120053741203e-26,3.2581406733186834e-26,6.493313326724109e-24
3.22e+22,2.197482072381624e-12,0.999999999997802,6.730021670925185e-16,6.130755489236671e-17,1.0995951046160524e-27,1471.5652090552849,6.453437278002022e-13,0.13015877397215625,-158074364.6211879,2.443720499723909e+25,1.3484062140641678e-15,0.0,0.0,0.0,0.0,1.4333536189167362e-31,4.039758904007259e-31,1.0095087034370823e-26
3.22e+22,6.138936712451934e-06,0.9999938605675696,3.961268598803705e-10,9.959117949201167e-11,0.0,1025.3608475633855,0.5526919598597501,0.13062569843731747,3.7774030853023564e+20,2.452333931073178e+25,1.346961944571799e-15,0.0,0.0,0.0,0.0,1.0964410514781805e-26,3.251842370031325e-26,6.498375600766444e-24
3.22e+22,7.320848823033985e-09,0.9999999926786238,4.756690904717328e-13,5.169303692270317e-14,0.0,583.6020274204355,1.1453342772434736,0.1319347755691469,3.040613364167724e+21,2.4732047975183395e+25,1.3422279023675066e-15,0.0,0.0,0.0,0.0,2.460736533161808e-28,7.795581477831692e-28,1.2297193126168403e-25
3.22e+22,9.226661417770161e-07,0.999999077319322,8.888150645899478e-12,5.647972353703254e-12,0.0,406.3730172559306,0.5523381516785563,0.130461960909416,2.538959406274635e+20,2.449734963880317e+25,1.3473358488435815e-15,0.0,0.0,0.0,0.0,7.888339381294592e-27,2.4250368960151014e-26,5.2373780287603175e-24
3.22e+22,1.2571587804601248e-06,0.9999987428142627,1.6957523999385435e-11,9.999069690987192e-12,0.0,489.34815484202045,1.4902118349539213,0.1337679624667884,6.422883532710235e+21,2.5034507033199445e+25,1.3389487774729186e-15,0.0,0.0,0.0,0.0,9.502077219513678e-27,2.8525392897360555e-26,5.9159752151709314e-24
3.22e+22,5.346815192166071e-07,0.9999994653142178,3.131666538507133e-12,1.1314507455580482e-12,0.0,891.6493190250745,3.6612043066434374,0.15175443985558107,1.1604782982056646e+23,2.7559807456464083e+25,1.313584015343237e-15,0.0,0.0,0.0,0.0,1.0743533719316155e-26,3.073974557021636e-26,5.280832170945683e-24
3.22e+22,7.7431503424824e-10,0.9999999992256491,3.4108138266174746e-14,3.0151514905745122e-15,5.339108284075484e-26,1415.8624276269345,6.209151934837861e-13,0.13014773602057253,-104448328.96821333,2.4436737207722287e+25,1.3484280754099764e-15,0.0,0.0,0.0,0.0,3.786390321529e-29,1.0707309177322107e-28,2.3501135777442897e-26
3.22e+22,8.088039740847343e-06,0.9999919108285755,8.37579952878663e-10,2.9410367035495645e-10,0.0,717.7758606774689,0.0028285014022614574,0.13000928624919594,-1.876223039333672e+17,2.4420841029611784e+25,1.3486441527273892e-15,0.0,0.0,0.0,0.0,1.1007245495366793e-26,3.2518957460090717e-26,6.482896965799575e-24
3.22e+22,6.271168401395645e-11,0.9999999999372824,5.489850872443795e-15,5.89994588405506e-16,6.478777120059507e-28,1436.9026977904878,6.301424463910388e-13,0.13015190289486206,-139684218.4570267,2.443672875889387e+25,1.3484136650800898e-15,0.0,0.0,0.0,0.0,3.428556705289113e-30,9.676304298249522e-30,1.0888807201268237e-26
3.22e+22,1.5369204455825183e-05,0.9999846280358022,2.3569671485715347e-09,3.2546775189460557e-10,7.730682267655077e-11,1521.3436609721232,0.0013234384255878676,0.13016887495816828,1.765154676411762e+17,2.444737028681637e+25,1.3482098912113702e-15,0.0,0.0,0.0,0.0,1.1350537714107223e-26,3.346371404298087e-26,6.604564733435533e-24
3.22e+22,1.6913970118954325e-06,0.9999983085593703,3.705251242207748e-11,6.564888061503205e-12,3.466740274988658e-16,1394.2588734276296,0.07339582956950187,0.13015299362826963,8.785543197595233e+18,2.4444451370023793e+25,1.34826917947782e-15,0.0,0.0,0.0,0.0,9.809581452358579e-27,2.9244980093417354e-26,5.9740199305735564e-24
3.22e+22,7.566073465933537e-07,0.9999992433855719,5.6975868440788925e-12,1.3839490113765389e-12,0.0,1131.3513101504461,5.110295226960892,0.17284441396821643,3.8601360743621896e+23,2.9716219541441564e+25,1.3268728218048381e-15,0.0,0.0,0.0,0.0,2.2232232320295581e-26,5.750556626895301e-26,8.051163790314831e-24
3.22e+22,6.861157051317434e-06,0.9999931382965765,4.724633468127913e-10,7.539658682076095e-11,4.618005919886283e-13,1407.3621337084542,0.006525161123220673,0.1301462976185141,5.886257466426243e+17,2.444356871378392e+25,1.3482741420192226e-15,0.0,0.0,0.0,0.0,1.097270825585196e-26,3.2556697005951835e-26,6.49162381956219e-24
3.22e+22,5.3430008712873794e-06,0.9999946565779938,3.1658810784149214e-10,1.0454668164352034e-10,0.0,828.8210702645735,0.7839908423417048,0.13114494782791672,9.8284642054074e+20,2.4609110648397002e+25,1.3455735068311667e-15,0.0,0.0,0.0,0.0,1.1011770811983307e-26,3.262610933487576e-26,6.521877766032324e-24
3.22e+22,2.3146131098191176e-05,0.9999768475404156,5.400610321218367e-09,9.584689776712253e-10,0.0,1243.7669130509262,0.0042531432828941005,0.13011376301946828,2.761006883803819e+17,2.443821495563781e+25,1.3483595338845045e-15,0.0,0.0,0.0,0.0,1.1595862442486477e-26,3.391381847373555e-26,6.641266237651377e-24
3.22e+22,4.035589912358577e-11,0.9999999999596423,1.720744047081518e-15,1.8141526113158358e-16,1.593285922579818e-25,1450.6049586972983,6.361515950155898e-13,0.1301546190718247,-146675791.6023466,2.443691900021671e+25,1.3484108089698851e-15,0.0,0.0,0.0,0.0,2.2601506425003137e-30,6.372568297016856e-30,1.0619306651533493e-26
3.22e+22,3.5213410787874817e-10,0.9999999996475101,3.340973269603624e-13,2.1855296207313197e-14,0.0,376.4551528628856,1.0106128349851358,0.13145789860086804,4.311540857172024e+21,2.4652145869529113e+25,1.34329004806063e-15,0.0,0.0,0.0,0.0,1.2263670946755724e-29,4.1008670356027506e-29,8.945691351130177e-27
3.22e+22,1.834994035344436e-06,0.9999981649633201,3.263569522368642e-11,1.0008875905507756e-11,0.0,977.1873336503073,4.240287162643641,0.16111258922058683,2.1265845593390604e+23,2.8584675710174965e+25,1.3164012282326349e-15,0.0,0.0,0.0,0.0,2.587864063066216e-26,6.702287551028155e-26,9.85102604318115e-24
3.22e+22,3.4501083841510947e-06,0.999996549750425,1.1581531764037809e-10,2.5375483263328425e-11,0.0,1178.352778734553,4.0364549263559235,0.1590088617863279,1.9879098220935684e+23,2.8355225958806126e+25,1.3160086228495986e-15,0.0,0.0,0.0,0.0,2.5836595966297887e-26,6.75924607666471e-26,1.0421501282155632e-23
3.22e+22,2.221275463361823e-05,0.9999777814793624,4.963933738517007e-09,7.018253450766326e-10,1.0024485206267412e-10,1399.978864173763,0.006306900814258081,0.13014483528874884,7.03295771129225e+17,2.444338649754152e+25,1.3482746069086254e-15,0.0,0.0,0.0,0.0,1.1544093714733894e-26,3.3840667949741536e-26,6.636244103952251e-24
3.22e+22,1.598161054308178e-06,0.9999984017831101,3.361787408417727e-11,2.221788470706779e-11,3.743554085341334e-17,401.56232092196296,0.0009025445836285625,0.12994652262899198,-1.7994081318946282e+17,2.4410826057789293e+25,1.3487907416517557e-15,0.0,0.0,0.0,0.0,8.965364669248707e-27,2.7236633228951644e-26,5.8189661726055465e-24
3.22e+22,2.199213755224595e-08,0.9999999793802048,1.9335873116856582e-13,8.379666446581829e-14,2.3852140960604853e-17,464.31130333438034,4.505502011871172e-05,0.1299591265445557,-9195168674748206.0,2.4418878710309067e+25,1.3484694543277397e-15,0.0,0.0,0.0,0.0,6.250022320666555e-28,2.03322443507886e-27,3.316942498176271e-25
3.22e+22,1.0400147157185912e-05,0.9999895985573366,1.1123808373911878e-09,1.8610637378061932e-10,5.220181424573667e-13,1336.3899849193099,0.0031209436905194183,0.13013214055738404,3.8893543306754675e+17,2.4441247584986928e+25,1.3483108100863793e-15,0.0,0.0,0.0,0.0,1.1190666577066002e-26,3.3094581213813366e-26,6.5617416422923014e-24
3.22e+22,2.004338824598481e-05,0.999979951219743,4.442833812968933e-09,9.491772477416362e-10,0.0,1077.635864790951,0.0031140493633588524,0.13008074888132615,6.720345599005388e+16,2.443271575936425e+25,1.3484500126248454e-15,0.0,0.0,0.0,0.0,1.1518433830841804e-26,3.369994842010186e-26,6.612611502424465e-24
3.22e+22,1.7272185783513948e-07,0.9999998272776741,2.4792510777328287e-13,2.2002363545095524e-13,0.0,329.6585946503011,0.08416095029395734,0.12994331490782057,-1.351502668124685e+19,2.4413980451936864e+25,1.3485898304130666e-15,0.0,0.0,0.0,0.0,3.2389629554120174e-27,1.0524025437850261e-26,1.9912257942484054e-24
3.22e+22,7.615495961319477e-07,0.9999992384423909,5.693919948333316e-12,2.319072722925925e-12,0.0,821.0370184737327,3.687213621766325,0.1525007920692188,1.1907871328189854e+23,2.764158241924889e+25,1.3139233115126046e-15,0.0,0.0,0.0,0.0,1.3114308155583773e-26,3.690500876449711e-26,6.351417793832701e-24
3.22e+22,1.852089226751413e-08,0.9999999814790015,6.97155473698488e-14,3.665322299181262e-14,8.698926251121715e-25,1220.646374228909,5.353058810341009e-13,0.1301090611076611,39681945.2654592,2.4434832028542937e+25,1.3484955731930091e-15,0.0,0.0,0.0,0.0,7.068351780351953e-28,2.0455227208166226e-27,2.9148547320443687e-25
3.22e+22,5.768825217907491e-06,0.9999942307326515,3.5044317117615497e-10,9.168755333761309e-11,0.0,999.3691833630044,1.27514165562279,0.13301562814040727,4.696687580571774e+21,2.4912650438802312e+25,1.340859695385229e-15,0.0,0.0,0.0,0.0,1.1650863047535362e-26,3.430005386640678e-26,6.749875317096932e-24
3.22e+22,3.7895814186139325e-10,0.9999999996612797,2.0690748062288478e-14,6.337648346139263e-14,4.740160355251725e-19,815.6243108931952,3.5768739170297863e-13,0.1300287706552346,33153538.437053073,2.4427461270326247e+25,1.3485205203050988e-15,0.0,0.0,0.0,0.0,1.603340548983954e-29,4.875083468210296e-29,1.1324854774359383e-26
3.22e+22,2.104611218340641e-06,0.9999978953407159,4.0523307209016503e-11,6.351368242703603e-12,1.2044357007726077e-12,1520.4475939472536,5.912959509057159,0.19012924154926814,7.40114648328664e+23,3.0918543765151983e+25,1.3716510028179943e-15,0.0,0.0,0.0,0.0,2.61260937017402e-25,5.573094881087397e-25,4.458578623994233e-23
3.22e+22,5.990368587433524e-07,0.9999994009591058,3.291695015076649e-12,7.439171979435974e-13,0.0,1232.4879306206767,0.09284152989092312,0.1301256469817804,7.467298145587254e+18,2.4439724896422844e+25,1.3483539544912338e-15,0.0,0.0,0.0,0.0,7.743636134794853e-27,2.317544588235558e-26,4.52428123741022e-24
3.22e+22,1.1858194423561286e-06,0.999998814157826,1.9481044029269998e-11,3.240869894236289e-12,1.817109246393475e-14,1459.7649081703375,0.020113611306114724,0.1301573100055238,2.407798435582566e+18,2.4444963680367715e+25,1.3482693224496735e-15,0.0,0.0,0.0,0.0,9.378470635612192e-27,2.79129823851264e-26,5.6669389214725844e-24
3.22e+22,1.7077448296772976e-06,0.9999982922196652,2.9455685160784774e-11,6.047870278173837e-12,1.6915320193274374e-15,1287.2242235862664,0.12191310344067588,0.1301482533447885,1.3328617494006776e+19,2.4443756285834885e+25,1.3482766371733413e-15,0.0,0.0,0.0,0.0,9.756227092615966e-27,2.9144477850201273e-26,5.9777732559363425e-24
3.22e+22,1.059794807930457e-06,0.999998940185722,1.201396032271116e-11,7.456132510481966e-12,0.0,424.69593760270635,1.0077397987949408,0.1316760834885563,1.8536034899984992e+21,2.469762041050222e+25,1.3440990577714274e-15,0.0,0.0,0.0,0.0,8.519094867718704e-27,2.594264351356006e-26,5.527815412530314e-24
3.22e+22,3.0175729496988163e-06,0.9999969822747176,1.0513971097347575e-10,4.719291240551006e-11,0.0,632.8702203041908,0.5457679796769883,0.1305233618690041,2.9568247553572615e+20,2.450660024044855e+25,1.3472246301718253e-15,0.0,0.0,0.0,0.0,1.0202055919244504e-26,3.051992329477757e-26,6.254597901747733e-24
3.22e+22,4.023317735369235e-06,0.9999959764925032,1.5816865097527719e-10,3.1592874992779505e-11,0.0,1239.662389527438,1.4252582189737983,0.13376462759263094,7.524063565747506e+21,2.503198099099951e+25,1.339084367513575e-15,0.0,0.0,0.0,0.0,1.1513613577861974e-26,3.396913843402857e-26,6.71406730498318e-24
3.22e+22,5.586021307354233e-07,0.9999994413916403,4.012703977310846e-12,2.2163075154559308e-12,0.0,958.9403848770445,4.2054671975676396e-13,0.13005715366349252,-7170068.629977197,2.4428893502906877e+25,1.3485084446636378e-15,0.0,0.0,0.0,0.0,7.20039544577274e-27,2.1836381632942944e-26,4.348988434602546e-24
3.22e+22,5.637994143410808e-06,0.9999943616047762,3.260355523132652e-10,7.50451209456584e-11,0.0,1100.1500521999417,0.3648413348907835,0.13032675783707845,1.1636783599587156e+20,2.4473693167985222e+25,1.347774854086378e-15,0.0,0.0,0.0,0.0,1.0855222006083693e-26,3.2251900426759777e-26,6.465509319441845e-24
3.22e+22,4.73164672870001e-09,0.9999999952683432,8.810367333921613e-15,1.4554167731641275e-15,6.381289122835236e-26,1460.303694390161,6.404049125630366e-13,0.1301565649954966,-19174832.89611115,2.443863635303461e+25,1.3484564050652022e-15,0.0,0.0,0.0,0.0,2.121955967438965e-28,5.985363168672517e-28,8.89628708910156e-26
3.22e+22,4.157540316770065e-07,0.9999995842436514,1.7162636178757103e-12,6.006709577389267e-13,0.0,908.0099723686575,4.329317518989423,0.1598640290682755,1.9570166311526332e+23,2.8497434453944183e+25,1.312341621131983e-15,0.0,0.0,0.0,0.0,1.1050118489013755e-26,3.0940495335365e-26,4.8932324180975236e-24
3.22e+22,3.4390914068664627e-07,0.9999996560890534,1.541666172628542e-12,2.5896801384686266e-13,5.189556153551867e-15,1479.3628961633158,6.487590046062843e-13,0.13016048689540707,110406695.36629684,2.444429421625223e+25,1.3483295387630123e-15,0.0,0.0,0.0,0.0,6.558546905314336e-27,1.9254169680011638e-26,3.3510110131352445e-24
3.22e+22,8.496694685533321e-07,0.9999991503220751,6.969749209845095e-12,1.4865877084862114e-12,0.0,1261.8093917668969,0.1443449398440485,0.13015228064855344,1.7216142512116148e+19,2.444426716182204e+25,1.3482747516721726e-15,0.0,0.0,0.0,0.0,8.588481371534365e-27,2.5697487744015098e-26,5.188666407114469e-24
3.22e+22,4.357923602596486e-09,0.9999999956418971,4.540801487443439e-14,1.339397910750194e-13,9.334101074663097e-21,931.6422915963841,4.085587807167906e-13,0.1300517577147068,3106197.9376098174,2.4429003531548347e+25,1.3484948792283028e-15,0.0,0.0,0.0,0.0,1.698174575895513e-28,5.075344043687916e-28,7.754814287833279e-26
3.22e+22,3.966999603999926e-06,0.9999960327932119,1.6170979538469264e-10,4.5474309555372474e-11,0.0,973.5165504253554,2.675244388135429,0.14288264477293638,4.7412454928145405e+22,2.6384386963661444e+25,1.3227253076231686e-15,0.0,0.0,0.0,0.0,1.4825149717071373e-26,4.2132215374060566e-26,7.719251897658687e-24
3.22e+22,3.424918237248483e-06,0.9999965749068344,1.2731211434049635e-10,4.7616139381899544e-11,0.0,773.1482577303478,1.8128997573303323,0.13589310218642822,1.29360310408497e+22,2.536449100602337e+25,1.3343830997346702e-15,0.0,0.0,0.0,0.0,1.2039150254283769e-26,3.521453794618347e-26,6.868582288573481e-24
3.22e+22,1.122552225156226e-09,0.9999999988774468,3.0591563262303424e-16,7.005400402430799e-16,0.0,304.74100897333085,1.5942856651258992,0.13368857297220757,1.373507704865462e+22,2.499719802844441e+25,1.336102318562177e-15,0.0,0.0,0.0,0.0,3.652931744938738e-29,1.2410699441012496e-28,2.2510607860095662e-26
3.22e+22,9.481503018291396e-11,0.9999999999051826,1.7873738947858485e-15,4.1752294076379533e-16,0.0,1418.2637479967418,6.219682912024537e-13,0.1301482081594747,-130427023.60250196,2.4436469232717503e+25,1.348417509896406e-15,0.0,0.0,0.0,0.0,5.0980787239167376e-30,1.4414292702147316e-29,1.1293294918906039e-26
3.22e+22,2.6191660246395867e-08,0.9999999738081772,1.3528595114411535e-13,2.7441714601537637e-14,1.779011425979069e-28,1264.412046269905,5.546708180710241e-13,0.13011774814999968,59069150.75251855,2.4435872260486393e+25,1.3485010671208182e-15,0.0,0.0,0.0,0.0,9.752625604470575e-28,2.814007317958593e-27,3.997197674215968e-25
3.22e+22,5.682337436553812e-06,0.9999943171851244,3.603454841286552e-10,1.1709351513968684e-10,0.0,833.6180299890608,0.42105026037491294,0.13035400407319478,1.39893208769615e+20,2.4478297149362745e+25,1.3476960958896333e-15,0.0,0.0,0.0,0.0,1.082866631472098e-26,3.21485127112326e-26,6.453203572257493e-24
3.22e+22,5.71680283348552e-06,0.9999942827781662,3.373264599534019e-10,8.167394723226955e-11,0.0,1060.8690814936929,0.6465649984328424,0.13083618805346064,6.304786088569627e+20,2.4558150525791664e+25,1.346397204348927e-15,0.0,0.0,0.0,0.0,1.0968584850948292e-26,3.2533925165907637e-26,6.5029217646997e-24
3.22e+22,3.148805180196981e-06,0.9999968510546685,1.0395012901650133e-10,3.6201183065058084e-11,0.0,835.6242628425155,2.441862873989687,0.14064183604048114,3.390093537406633e+22,2.6069473057964665e+25,1.3258212423950832e-15,0.0,0.0,0.0,0.0,1.3634832072630778e-26,3.9154965015973076e-26,7.343005691602105e-24
3.22e+22,2.177374740522445e-06,0.99999782256913,4.514388828562617e-11,1.098550778593324e-11,0.0,1120.392920140399,0.5963265193636955,0.13071540328478667,5.5986365212655596e+20,2.453820561622002e+25,1.3467184486621919e-15,0.0,0.0,0.0,0.0,1.0055135102718943e-26,3.0047717529052513e-26,6.149374652401206e-24
3.22e+22,4.913384472749774e-06,0.9999950863103136,2.463278255236018e-10,3.2882706626762484e-11,2.6002963681960366e-11,1595.8612459429312,0.1405259364030161,0.1302193921046792,3.0550052961007534e+19,2.445566173907027e+25,1.3480784004174617e-15,0.0,0.0,0.0,0.0,1.0856663454875915e-26,3.223835716707691e-26,6.443431699755268e-24
3.22e+22,1.1625497951063965e-08,0.9999999883743218,1.5280542038112357e-13,2.7313337106285004e-14,0.0,417.9679653426079,0.5493553103009596,0.1304002057412635,2.0436572113818885e+20,2.4491486964118308e+25,1.3470348657083853e-15,0.0,0.0,0.0,0.0,3.4176555242442483e-28,1.1260653364569088e-27,1.8453580625867205e-25
3.22e+22,1.71264047164704e-07,0.9999998287353059,3.5996792058338584e-13,2.8693865175008316e-13,0.0,577.4732537516737,2.2470759064058035,0.13776744063565272,2.0227941349929377e+22,2.567054268622732e+25,1.3290799099267623e-15,0.0,0.0,0.0,0.0,3.9933398794280934e-27,1.2348626813893199e-26,2.1375411567682312e-24
3.22e+22,8.937290716382357e-07,0.9999991062584815,9.88065040344575e-12,2.566043954138063e-12,0.0,1042.6342861003156,0.44641503695361656,0.13040927564247345,2.1868358480107867e+20,2.4487562544953173e+25,1.3475399633466103e-15,0.0,0.0,0.0,0.0,8.494417541651894e-27,2.558574044085691e-26,5.259323483161125e-24
3.22e+22,5.7611264948394626e-09,0.9999999942388252,3.938364564358284e-14,8.774384063443535e-15,3.5751770168354036e-19,1353.8014873908332,5.936983496020734e-13,0.1301354490430004,-1384652.3415901968,2.443684113940924e+25,1.3484685597148507e-15,0.0,0.0,0.0,0.0,2.4958526171854256e-28,7.107737861628864e-28,1.0394589755867555e-25
3.22e+22,4.011092361005653e-06,0.9999959887014976,1.7351439032308182e-10,2.4469451267605873e-11,8.157383414778335e-12,1538.9153103922908,0.0854326115982877,0.1301854853943738,1.4573456310060085e+19,2.444999421768575e+25,1.3481725633324142e-15,0.0,0.0,0.0,0.0,1.0685578016696447e-26,3.1754948878591975e-26,6.367452425955631e-24
3.22e+22,2.6770629259298366e-06,0.9999973228333637,7.699340237585759e-11,2.671695164249722e-11,0.0,841.9273383576589,0.1260206446708757,0.1300620914541248,-9.933478801647953e+17,2.4429698385006673e+25,1.3484958104633308e-15,0.0,0.0,0.0,0.0,9.998177475331082e-27,2.9974192699108315e-26,6.1651579647910616e-24
3.22e+22,7.633245721757543e-10,0.9999999992366495,2.282702487832145e-14,3.0394603878251048e-15,3.1523776240810223e-27,1390.393500755714,6.097444697088909e-13,0.13014268685036814,-96488323.45222941,2.443633594947019e+25,1.3484316578782267e-15,0.0,0.0,0.0,0.0,3.7109939667015297e-29,1.051836207484601e-28,2.3002938903532842e-26
3.22e+22,6.299216789402796e-06,0.9999937002695081,4.138746629504416e-10,9.982794048136282e-11,0.0,1057.2450567884866,0.31374293248527735,0.13025574985483016,7.017896723656116e+19,2.4461886224489186e+25,1.3479686258181485e-15,0.0,0.0,0.0,0.0,1.0899834050607046e-26,3.235310717817007e-26,6.472118142925853e-24
3.22e+22,5.5044459947969315e-08,0.9999999449554506,2.6326875962768574e-14,6.300344342427701e-14,3.431311265402512e-20,314.83370102161126,0.03450536283880411,0.12993127248233807,-7.33132767599097e+18,2.4414901184382795e+25,1.3484723348666884e-15,0.0,0.0,0.0,0.0,1.2926588951657994e-27,4.320133529352411e-27,7.562258526086789e-25
3.22e+22,5.220491225214956e-06,0.9999947791793272,2.7214403120113864e-10,5.730335796448447e-11,0.0,1184.3322669009872,2.1203090157842266,0.13823114699273642,2.4488937677822018e+22,2.5717032444659076e+25,1.32989982152514e-15,0.0,0.0,0.0,0.0,1.312179722507121e-26,3.806633433460571e-26,7.267710504332419e-24
3.22e+22,4.33709864083091e-09,0.9999999956628178,4.484918340774918e-14,3.850197422737307e-14,0.0,1244.7864918846383,5.458914894589133e-13,0.13011383093414874,-11805387.431853203,2.443466057099857e+25,1.3484700949792602e-15,0.0,0.0,0.0,0.0,1.8530005229111755e-28,5.3327698898260265e-28,8.003033536512827e-26
3.22e+22,1.5734785261847014e-07,0.9999998426508108,9.558301088381072e-13,3.807510254053577e-13,0.0,1105.98534357165,4.850226891675368e-13,0.13008633777339407,18384213.064294063,2.4432994556347984e+25,1.3484717876955804e-15,0.0,0.0,0.0,0.0,3.898097745434047e-27,1.1606738643508876e-26,1.8866200020297127e-24
3.22e+22,1.1340084420915685e-06,0.9999988659750444,1.2286547275051662e-11,4.227085309333226e-12,0.0,922.0243502851373,4.1752504545836375,0.15944041190904765,1.911525841335787e+23,2.8418926391647564e+25,1.3148101551527522e-15,0.0,0.0,0.0,0.0,1.931759486012667e-26,5.174784442073264e-26,8.133732675612737e-24
3.22e+22,1.4081087984443368e-07,0.9999998591883621,5.508629476473877e-13,2.068546469863214e-13,0.0,750.1546796999702,0.581411675433382,0.13053539705845305,3.426441947526907e+20,2.4511513849559405e+25,1.3470001549807859e-15,0.0,0.0,0.0,0.0,3.291999860189702e-27,1.0144405041678961e-26,1.7215359548111415e-24
3.22e+22,1.189843182942327e-07,0.99999988101591,5.754596098896214e-16,2.209716900044224e-13,0.0,370.5936775194827,5.3417776890271794e-05,0.12994048770440358,-1.192715320094507e+16,2.4414209973955866e+25,1.3485605453514536e-15,0.0,0.0,0.0,0.0,2.5112730091998776e-27,8.177918435191864e-27,1.4796394076000949e-24
3.22e+22,1.20951385187052e-05,0.9999879031111812,1.5035455369306372e-09,2.466010704721327e-10,2.5525569911157067e-12,1353.8680055772932,0.0038906190763265845,0.13013562368402634,3.988991520052185e+17,2.4441833053358684e+25,1.3483009577376383e-15,0.0,0.0,0.0,0.0,1.1260174022846688e-26,3.325489894749694e-26,6.581681028674638e-24
3.22e+22,2.425050617900611e-06,0.9999975748782249,5.6659975610112464e-11,1.4497416520356238e-11,0.0,1087.5893715005423,4.367479158120549,0.1634088399573406,2.4757666729461827e+23,2.8812740133374383e+25,1.3183901736443535e-15,0.0,0.0,0.0,0.0,3.123345735452861e-26,7.922890202042273e-26,1.1188388121422013e-23
3.22e+22,2.012078700331383e-06,0.999997987861345,4.2077269773560095e-11,1.7877374221594752e-11,0.0,731.5034895664637,2.651631292337321,0.14229624411148334,4.2768798849047825e+22,2.6305334202102452e+25,1.3233137433109704e-15,0.0,0.0,0.0,0.0,1.3463768222538583e-26,3.855734101972979e-26,7.203046433138945e-24
3.22e+22,4.177479296719471e-06,0.9999958222589621,1.92551279978132e-10,6.91899796142559e-11,0.0,785.1347191452514,1.3582393311358345,0.13334164118818428,5.260165161303126e+21,2.4964919110207343e+25,1.340067496561193e-15,0.0,0.0,0.0,0.0,1.1429023955813282e-26,3.3687253605890286e-26,6.672320093754132e-24
3.22e+22,8.053892114473563e-07,0.9999991945984966,1.0309630214700763e-11,1.9823075238316664e-12,0.0,1345.4822193901534,0.06472858694571224,0.13014092609042657,6.420829155852645e+18,2.4442195905594576e+25,1.3483164204180547e-15,0.0,0.0,0.0,0.0,8.574922006783234e-27,2.557606019343393e-26,5.106322551476876e-24
3.22e+22,1.4891432703605443e-05,0.9999851054488856,2.5367730537930035e-09,5.854836473837775e-10,0.0,1041.1833135811696,0.0052530740017995336,0.13007354012604153,5.9867888119787704e+16,2.4431514269871607e+25,1.3484698087182024e-15,0.0,0.0,0.0,0.0,1.1349511192506156e-26,3.33480555600813e-26,6.5707881566632825e-24
3.22e+22,6.151361461836521e-06,0.9999938481282511,4.03089426426952e-10,1.071978073306865e-10,0.0,981.8154219397591,0.7576776001747167,0.1311053120877817,9.567532333991107e+20,2.4602535157475897e+25,1.3456815958810256e-15,0.0,0.0,0.0,0.0,1.1107901550682876e-26,3.2883985811190646e-26,6.548881641981338e-24
3.22e+22,4.4362814332556185e-06,0.9999955634798593,1.962402470766509e-10,4.2463228489022894e-11,4.008893953998945e-15,1168.6089121616708,0.26960346477707703,0.13022992412816795,5.661154195174251e+19,2.4457545395488316e+25,1.3480417454214972e-15,0.0,0.0,0.0,0.0,1.0649627054256063e-26,3.1704744689512177e-26,6.386241316572153e-24
3.22e+22,2.495017546755157e-06,0.999997504899936,6.527668324417472e-11,1.7240800408064756e-11,0.0,1077.5117459865132,4.725383082700428e-13,0.13008069738543554,12883687.305829678,2.4432671342737327e+25,1.3484522222146385e-15,0.0,0.0,0.0,0.0,1.0060888130092279e-26,3.010017417325621e-26,6.163476930020674e-24
3.22e+22,5.177300651353095e-07,0.9999994822652839,3.1635932795925816e-12,1.4872134705305037e-12,0.0,732.1914060590279,3.4698751311369938,0.14949009566851007,9.102095457894939e+22,2.7279962754915674e+25,1.3147766018713507e-15,0.0,0.0,0.0,0.0,1.0128661212974582e-26,2.920336244852084e-26,5.090878769094155e-24
3.22e+22,2.539863505629359e-06,0.999997460049125,6.550968244370018e-11,2.185978840046255e-11,0.0,885.2263551770958,3.1965089947044887,0.148032608044831,8.257550669382079e+22,2.7071700211608506e+25,1.3174485255965991e-15,0.0,0.0,0.0,0.0,1.6655581488547285e-26,4.63083732944693e-26,8.09289798878452e-24
3.22e+22,5.177773062772236e-06,0.9999948218988015,2.7049664331475913e-10,5.7639068633895993e-11,0.0,1173.2079697566633,0.22236829189083915,0.13018926713785475,3.404020003885656e+19,2.4450774831086207e+25,1.348153281859788e-15,0.0,0.0,0.0,0.0,1.076684018019414e-26,3.201856099355522e-26,6.4288894139742616e-24
3.22e+22,4.791379143297491e-06,0.9999952082983634,2.462882867488353e-10,7.620519722957268e-11,0.0,887.0522221951735,1.6386488229043195,0.13489018651496062,9.672209155241948e+21,2.5208943375710475e+25,1.3365435459268252e-15,0.0,0.0,0.0,0.0,1.209814778271337e-26,3.541752605714394e-26,6.903188535064756e-24
3.22e+22,9.112820599666831e-07,0.9999990887066136,7.267232969419059e-12,5.632318779842574e-12,0.0,339.4861545323335,0.001083916302226601,0.12993422107308727,-2.33518384555618e+17,2.4409229899837978e+25,1.3487983591011804e-15,0.0,0.0,0.0,0.0,7.671792862603738e-27,2.3692736858845158e-26,5.1707466133591575e-24
3.22e+22,8.858437058452354e-06,0.9999911405626992,8.28409395357013e-10,1.720465325801792e-10,0.0,1156.4264259213408,0.022106037957117696,0.13009726929092474,8.20665702314006e+17,2.4435452540148136e+25,1.3484056048303191e-15,0.0,0.0,0.0,0.0,1.1079496869939078e-26,3.280279982855697e-26,6.528658439124321e-24
3.22e+22,9.11086159731173e-07,0.9999990889002335,8.39713260540411e-12,5.209473629744612e-12,0.0,346.6658836498148,0.8885930793061888,0.13126548401555654,1.1841474632058864e+21,2.463058455765567e+25,1.3451554083956784e-15,0.0,0.0,0.0,0.0,7.9965413505128e-27,2.4530429993662338e-26,5.271777231655365e-24
3.22e+22,7.143241036468214e-07,0.9999992856678016,4.860867141119951e-12,3.23393379660142e-12,0.0,359.9040033973341,1.696740176104454,0.13471087450449182,8.545676566269851e+21,2.518589994169341e+25,1.3366227575725597e-15,0.0,0.0,0.0,0.0,8.112175237262036e-27,2.4644122972226557e-26,5.070262143421011e-24
3.22e+22,6.213669080003469e-07,0.999999378630611,1.9132616393549994e-12,3.4817442212931768e-12,0.0,400.224065348411,0.021900303882531683,0.1299470715843666,-3.2850575219133926e+18,2.4411677627672962e+25,1.3487454980271747e-15,0.0,0.0,0.0,0.0,6.7473496022867e-27,2.102889119435954e-26,4.505373368218598e-24
3.22e+22,1.7778779602095502e-08,0.9999999822211088,9.006456925573545e-14,2.2365952348240523e-14,0.0,1290.7065499793252,5.660327085483528e-13,0.13012295632584842,54103096.790358424,2.4436278464933298e+25,1.3484971512549872e-15,0.0,0.0,0.0,0.0,6.9338789527334145e-28,1.992318848682432e-27,2.817334652599634e-25
3.22e+22,5.537124834683441e-10,0.9999999996473784,1.108958711842494e-13,3.21239504411304e-15,2.886435672677925e-23,298.1015528178116,0.00021301204315865108,0.12992624671080888,-3.847063497295371e+16,2.4419482168868357e+25,1.3486047872320123e-15,0.0,0.0,0.0,0.0,1.763427805653088e-29,6.048568980104475e-29,1.2046907242394497e-26
3.22e+22,6.375168683882632e-06,0.999993624270678,4.3914021958440936e-10,1.2149778140581346e-10,0.0,948.1318577779444,0.42594753218664283,0.13038512764740914,1.5912423391416163e+20,2.4483437151030116e+25,1.3476132909841064e-15,0.0,0.0,0.0,0.0,1.0940930512923045e-26,3.2450358105468796e-26,6.490164628437368e-24
3.22e+22,9.347597551389624e-07,0.9999990652256049,9.011151831590185e-12,5.628737379134581e-12,0.0,371.2556261823899,1.3883195161538258,0.13318854508227446,4.787612722002523e+21,2.494306575642077e+25,1.3402703337490967e-15,0.0,0.0,0.0,0.0,8.556874251601874e-27,2.596553327674252e-26,5.455263937571223e-24
3.22e+22,2.462874303994884e-10,0.9999999997536746,3.600567570082583e-14,3.1574982583293922e-15,0.0,1408.870878283245,6.178493547647002e-13,0.13014634707947992,-120461548.96674007,2.4436402271762745e+25,1.3484217874688974e-15,0.0,0.0,0.0,0.0,1.273199928898693e-29,3.598739699621465e-29,1.4021672214889016e-26
3.22e+22,8.96242542571402e-07,0.9999991037470864,8.385202960734708e-12,1.9857758949736335e-12,0.0,1181.3880670076499,0.5129525229202768,0.1305443548039422,3.551558270174814e+20,2.4509831612615413e+25,1.3471818536246932e-15,0.0,0.0,0.0,0.0,8.673501865222371e-27,2.5996790026692274e-26,5.287040744234072e-24
3.22e+22,1.4006383321691378e-06,0.9999985993398005,1.7947339887359248e-11,2.728157371990201e-12,1.196204682573146e-12,1544.6822329287622,6.510623508450636,0.20096083660526096,9.866613058026153e+23,3.1523778275869744e+25,1.4074521958798314e-15,0.0,0.0,0.0,0.0,4.180542559174678e-25,8.610927378549968e-25,5.773583881762342e-23
3.22e+22,5.536492328119519e-10,0.9999999994463271,2.1477536840126094e-14,2.2181058087826046e-15,3.6322063390205286e-19,1397.994012515317,6.130783882948611e-13,0.1301441925458364,-105591682.37757671,2.4436370702355713e+25,1.3484279640157413e-15,0.0,0.0,0.0,0.0,2.7295894470938513e-29,7.733210452630996e-29,1.939418208711542e-26
3.22e+22,1.3584471251475909e-09,0.9999999986415351,1.4539283769086857e-14,3.34682036345049e-15,2.9687975646669265e-27,1367.8411122320695,5.998560548799539e-13,0.13013821856694543,-74065058.3502427,2.4436183674623733e+25,1.3484407394026865e-15,0.0,0.0,0.0,0.0,6.359262624564521e-29,1.8072483689262166e-28,3.2880435693206574e-26
3.22e+22,4.3172199569308554e-07,0.9999995682750785,1.6834713943725781e-12,1.2421955132521141e-12,0.0,359.63948125522876,1.8232733869901552,0.1352896493306069,1.0075304970601263e+22,2.5280110852063516e+25,1.335093716012595e-15,0.0,0.0,0.0,0.0,6.488247214349052e-27,2.0031931213773153e-26,3.977218266522856e-24
3.22e+22,2.4768423574534684e-06,0.9999975230894342,5.7082688594377427e-11,1.1125439037504776e-11,0.0,1305.8308327575432,5.324913171345023,0.17936528827897436,5.093595045872114e+23,3.0191142010103276e+25,1.3431945520737534e-15,0.0,0.0,0.0,0.0,1.3639904409754423e-25,3.020966711575325e-25,2.664821573812652e-23
3.22e+22,5.958187680350767e-06,0.999994041342351,3.7388333874913814e-10,9.608521039402555e-11,0.0,1010.475122838088,0.9614095108331114,0.1317463153189147,2.0118220080135801e+21,2.4707527104865103e+25,1.3440150016567982e-15,0.0,0.0,0.0,0.0,1.1259466412858775e-26,3.3288275339286116e-26,6.615833946852684e-24
3.22e+22,1.5824886895918037e-06,0.999998417483578,2.340074242421067e-11,4.331849768377236e-12,0.0,1358.6378246173622,5.500230232728686,0.18152755556554398,5.5275761225539294e+23,3.0363353970636838e+25,1.3469405490994506e-15,0.0,0.0,0.0,0.0,5.944439399269833e-26,1.3928573084556518e-25,1.6684642908572052e-23
3.22e+22,2.4717103259764186e-06,0.9999975281946347,6.604702175502062e-11,2.8992060966048232e-11,0.0,685.1357707139148,1.8547826979646787,0.13607842842392423,1.3675487942842601e+22,2.5393453240902428e+25,1.3339646278675213e-15,0.0,0.0,0.0,0.0,1.1616321816627019e-26,3.4086276420320046e-26,6.711835719500069e-24
3.22e+22,1.3867218144826012e-06,0.9999986132505996,1.9311582238883064e-11,8.274291733678602e-12,0.0,757.054492372277,3.398390612057935,0.14977795451828604,9.37211943804547e+22,2.729783915971434e+25,1.3159093126516558e-15,0.0,0.0,0.0,0.0,1.5670595986953317e-26,4.3534883234200836e-26,7.545092625557848e-24
3.22e+22,2.0886978747346477e-09,0.9999999979112599,3.823056423206669e-14,3.994779040289663e-15,0.0,1420.3592578722958,6.228865276504441e-13,0.13014863378194372,-68953270.5413899,2.4437272690825913e+25,1.3484406538447554e-15,0.0,0.0,0.0,0.0,9.758275276547868e-29,2.7592018675813276e-28,4.587993551352999e-26
3.22e+22,1.732084576223714e-06,0.9999982678801534,2.840028850498818e-11,6.870158407451608e-12,0.0,1130.6922579760403,0.252549891027672,0.1302024651296815,4.961692188482131e+19,2.445294265785978e+25,1.3481185850463453e-15,0.0,0.0,0.0,0.0,9.656320558696846e-27,2.8929574281962535e-26,5.971038085429059e-24
3.22e+22,5.554979147707041e-06,0.9999944446539113,3.107490948350128e-10,4.426018075710143e-11,1.1931660866809672e-11,1523.157375178055,0.12476635904761466,0.13019743715156132,2.6957237585856397e+19,2.4452042936233255e+25,1.3481364170321594e-15,0.0,0.0,0.0,0.0,1.0879631402446032e-26,3.230092832514873e-26,6.449134909313219e-24
3.22e+22,5.912684159835527e-07,0.9999994087255089,3.636580049705112e-12,2.4384327075144157e-12,0.0,467.4294972598888,2.3193759850356046,0.1387654932097935,2.292247202323745e+22,2.5806533698250223e+25,1.3282565272094107e-15,0.0,0.0,0.0,0.0,8.357389427349049e-27,2.506619769548206e-26,4.8858471036267274e-24
3.22e+22,5.486351427546023e-06,0.9999945132664889,3.0878975254685984e-10,7.329402809036724e-11,0.0,1078.9703438363113,0.9206546093849968,0.13161775733854214,1.8712282008841127e+21,2.4686533888973266e+25,1.344345809970814e-15,0.0,0.0,0.0,0.0,1.1184767766903799e-26,3.310940744467171e-26,6.588130155910418e-24
3.22e+22,4.01037450990362e-06,0.9999959894284673,1.6004511524926223e-10,3.69776572071869e-11,0.0,1117.1235512307971,0.5206481520652747,0.13057615325647015,3.6400843215607346e+20,2.4515108088431583e+25,1.3470966097992962e-15,0.0,0.0,0.0,0.0,1.0630514764782543e-26,3.1644899499152917e-26,6.378095699480072e-24
3.22e+22,4.1179924485242387e-07,0.999999588200204,1.2433768864950399e-12,1.0470972631958755e-12,3.888609747430022e-18,328.41303337888746,0.09981236291284565,0.12994809544108182,-1.4540081057174544e+19,2.4412679853228267e+25,1.3486948667206075e-15,0.0,0.0,0.0,0.0,5.519389903807097e-27,1.7485956815018752e-26,3.644445394083184e-24
3.22e+22,7.419574094943782e-09,0.9999999925803964,2.571956076110357e-14,3.704567493086493e-15,0.0,1387.8981609996197,6.086493782382513e-13,0.13014221483914915,17049164.643690336,2.443768691933237e+25,1.3484740209468913e-15,0.0,0.0,0.0,0.0,3.1781024156561526e-28,9.02756312896382e-28,1.298459369763263e-25
3.22e+22,5.165602811543244e-06,0.9999948340617628,2.7181426064903266e-10,6.361122471807253e-11,0.0,1092.0431763611114,0.6252963503207533,0.13079158581665773,5.937202529631335e+20,2.455077512557918e+25,1.3465167437648125e-15,0.0,0.0,0.0,0.0,1.0880024525581732e-26,3.230834725352173e-26,6.4729551162039276e-24
3.22e+22,2.8156500526595906e-06,0.9999971842056696,9.65403518065307e-11,4.773739003725177e-11,0.0,565.3184714821774,0.11701717316118786,0.13000336513576,-9.57848832065918e+18,2.4420026869961078e+25,1.348650353761207e-15,0.0,0.0,0.0,0.0,9.945940402216636e-27,2.984197594965001e-26,6.161999763463316e-24
3.22e+22,9.976930906210925e-07,0.9999990022898965,1.0491966164281871e-11,6.5210648377980226e-12,0.0,456.91720151334493,1.895937109335096,0.13603087618811813,1.299871068905999e+22,2.538926364062661e+25,1.3338636770958901e-15,0.0,0.0,0.0,0.0,9.512155312285289e-27,2.8409265565964395e-26,5.772055393197304e-24
3.22e+22,1.2774182706319166e-07,0.9999998722577866,1.9628601601681127e-13,1.902219780417707e-13,0.0,440.08956916957715,2.013472846559373,0.13615075032174986,1.3284710910421446e+22,2.5424798467732117e+25,1.3322487971430285e-15,0.0,0.0,0.0,0.0,2.9990574639879468e-27,9.517111981419949e-27,1.6600240717186105e-24
3.22e+22,3.940463926365449e-06,0.9999960592902472,1.761402136400037e-10,6.968620323753421e-11,0.0,713.9945781129279,0.8024582747356402,0.13116580576802564,1.0258530134127241e+21,2.461263470506977e+25,1.3455123645119716e-15,0.0,0.0,0.0,0.0,1.0694039353607456e-26,3.179105591620544e-26,6.413628439185835e-24
3.22e+22,5.4163254117368325e-09,0.9999999945844249,4.80767117798348e-14,6.876046937381856e-14,1.94161656845844e-24,1088.293142596247,4.772638069005594e-13,0.13008280809396133,-859622.8040912758,2.4431872960338224e+25,1.3484835609423205e-15,0.0,0.0,0.0,0.0,2.1868354016238796e-28,6.405579410354462e-28,9.545529842006898e-26
3.22e+22,6.444550418266436e-08,0.9999999355544135,3.577038071758252e-14,4.6542645785913765e-14,0.0,366.85535388893237,1.849924040524478,0.13509600630923133,9.480146595086697e+21,2.5260145735869977e+25,1.334208938303566e-15,0.0,0.0,0.0,0.0,1.640902354870226e-27,5.354157969208209e-27,9.132111838751962e-25
3.22e+22,4.530999326334992e-06,0.9999954687640161,1.9904080749108405e-10,3.761680428738694e-11,0.0,1284.7830875493692,3.5031229575278178,0.15214236301780124,1.290153509616577e+23,2.7576784083546243e+25,1.3156527651510598e-15,0.0,0.0,0.0,0.0,1.9438332763139694e-26,5.324701987915092e-26,9.079403500993853e-24
3.22e+22,3.3574422332880615e-06,0.9999966424219234,1.1036294671650761e-10,2.5480375844005514e-11,0.0,1129.5981293904224,0.43836643729858643,0.1304348580226906,2.242128671213893e+20,2.4491651121515896e+25,1.3474803993579434e-15,0.0,0.0,0.0,0.0,1.046503752744204e-26,3.120646618296879e-26,6.319033587926552e-24
3.22e+22,1.1652852536481188e-06,0.9999988346942393,1.7536910861933412e-11,2.8749666005055506e-12,1.253253296948646e-13,1388.5274014003191,1.4686203898330505,0.1338251979533301,8.259985241740979e+21,2.504256398687967e+25,1.338876340717288e-15,0.0,0.0,0.0,0.0,9.985417470663486e-27,2.9548597450753915e-26,5.899730731705744e-24
3.22e+22,1.551605743243084e-08,0.9999999844838677,5.975602219887085e-14,1.5042285545316566e-14,5.328677839553945e-25,1316.12174954934,5.771778164674032e-13,0.1301279946108409,53841539.211368315,2.443674281357884e+25,1.3484950307383687e-15,0.0,0.0,0.0,0.0,6.162175792559813e-28,1.7655219066825104e-27,2.4936705273499284e-25
3.22e+22,1.3692814828143296e-06,0.999998630692399,2.2471820940495724e-11,3.725786030244887e-12,5.703136646567492e-16,1372.4482864610807,0.5518008434460574,0.13066402131277294,4.9095613269090324e+20,2.452946853048474e+25,1.346870096021069e-15,0.0,0.0,0.0,0.0,9.620933769018988e-27,2.866311713065286e-26,5.842839800660476e-24
3.22e+22,5.75011929574767e-06,0.9999942494171289,3.5836072774860797e-10,1.0521436662541512e-10,0.0,911.0525825418583,1.0249481870347195,0.13195404670649136,2.305819529613232e+21,2.474138172936986e+25,1.3434834165252208e-15,0.0,0.0,0.0,0.0,1.1320829414675343e-26,3.343150492166803e-26,6.628832445405929e-24
3.22e+22,1.636362348141495e-06,0.9999983635905163,3.0427695939908753e-11,1.670817554858213e-11,0.0,517.796117183058,0.47332006406563887,0.13035909394615555,1.669996908031878e+20,2.4479607784280023e+25,1.3476543352774137e-15,0.0,0.0,0.0,0.0,9.158998122362888e-27,2.772876381480872e-26,5.871239401579736e-24
3.22e+22,6.600586914472405e-07,0.9999993399343157,4.385530319557985e-12,2.607195563766823e-12,0.0,585.1396858045309,2.842162127717235,0.14326937883620797,4.611648034137911e+22,2.645136697056125e+25,1.3213030597700102e-15,0.0,0.0,0.0,0.0,9.874433761098208e-27,2.893083061270992e-26,5.408462574016924e-24
3.22e+22,3.718732968043455e-09,0.9999999962811696,3.3584075876679406e-14,6.387756586685588e-14,3.142622334819406e-27,1005.5571848616744,4.409831446849229e-13,0.13006640777898387,371879.2819343177,2.4430339788941685e+25,1.3484889315508652e-15,0.0,0.0,0.0,0.0,1.4964756502103634e-28,4.428867728789502e-28,6.799788350040285e-26
3.22e+22,1.6803366819168578e-05,0.9999831926521695,3.170286573119198e-09,8.138421368558776e-10,0.0,951.5031876775039,0.0027860794623657016,0.13005569528614544,-4.2852519509654264e+16,2.4428543576377626e+25,1.3485186069385473e-15,0.0,0.0,0.0,0.0,1.1456140072140991e-26,3.3555834034421314e-26,6.596246306296831e-24
3.22e+22,1.0419012968251316e-07,0.9999998958068589,2.7569556384604806e-12,2.543614618031701e-13,0.0,955.4545066883036,1.749073869702483,0.13471429418999378,1.063487108398391e+22,2.519459777455716e+25,1.3357861029654174e-15,0.0,0.0,0.0,0.0,2.9746473255037887e-27,8.89909266384766e-27,1.3972610289752508e-24
3.22e+22,8.489004822286012e-09,0.9999999915109891,1.745490708111484e-15,4.270456227919931e-15,0.0,320.653560576398,1.6268736061665832,0.13386078548216446,7.655955042005733e+21,2.503819516317778e+25,1.3363797955454126e-15,0.0,0.0,0.0,0.0,2.529945728651849e-28,8.522134330026069e-28,1.4210567466915636e-25
3.22e+22,4.7594451042604294e-06,0.9999952401935623,2.632244645099733e-10,9.810897653205997e-11,0.0,736.4216797647132,0.10754298866520234,0.1300338730443647,-4.27646779045466e+18,2.4424979326298145e+25,1.3485742592946826e-15,0.0,0.0,0.0,0.0,1.0569675677719449e-26,3.147773494485597e-26,6.369979124954587e-24
3.22e+22,2.6524063340500314e-10,0.9999999997347286,2.8199719366429118e-14,2.6221355362816253e-15,0.0,1405.4890933012346,6.163658380540594e-13,0.13014567679082986,-118437231.72664772,2.44363601233208e+25,1.3484226465265131e-15,0.0,0.0,0.0,0.0,1.364030847738052e-29,3.8582173914146107e-29,1.432997896265333e-26
3.22e+22,2.7648014979827437e-06,0.9999972351018704,8.079770536223446e-11,1.586364027946486e-11,0.0,1296.9744199442866,0.15831583010911437,0.13016884822783986,2.1826796256015335e+19,2.4447268800219224e+25,1.3482153924158736e-15,0.0,0.0,0.0,0.0,1.0274645899966908e-26,3.064047687722294e-26,6.221382213569301e-24
3.22e+22,1.429818893161614e-05,0.9999856993541797,2.099997251538276e-09,3.5093410546491886e-10,7.454766431677618e-12,1344.5416079373333,0.007515974838887703,0.13013384840704567,5.818960648984646e+17,2.4441544737535717e+25,1.348305396841483e-15,0.0,0.0,0.0,0.0,1.1319027162358472e-26,3.336597617726004e-26,6.589720677836929e-24
3.22e+22,7.411734345732948e-11,0.9999999999258798,2.2884006708086824e-15,3.6354831298169673e-16,0.0,1424.5874640130041,6.247418016490998e-13,0.13014946161849558,-133974715.29478317,2.443655236861751e+25,1.3484160139284408e-15,0.0,0.0,0.0,0.0,4.044540807759711e-30,1.142068061688201e-29,1.0970009306803057e-26
3.22e+22,6.466385571327893e-08,0.9999999353360433,4.733377935185724e-14,5.339069720618991e-14,0.0,380.7307908378531,1.9179689419627468,0.13548476222240521,1.0854261339505925e+22,2.5321293564654366e+25,1.3332667573835593e-15,0.0,0.0,0.0,0.0,1.667036584635677e-27,5.4173598720143174e-27,9.18905847841903e-25
3.22e+22,5.520856556434882e-06,0.9999944787546869,3.13504287452694e-10,7.525226740770611e-11,0.0,1070.9334881350412,1.7187597007198376,0.13543160667050644,1.2143812144821157e+22,2.5292873804661532e+25,1.335386021114663e-15,0.0,0.0,0.0,0.0,1.2311617953251979e-26,3.59935737236466e-26,6.986871307020785e-24
3.22e+22,3.147823786198096e-09,0.9999999968521025,6.515127674276341e-14,8.555181690958928e-15,0.0,1378.4293075925368,6.044973679469276e-13,0.13014032446856041,-39636566.97023019,2.4436835301699066e+25,1.3484528394229634e-15,0.0,0.0,0.0,0.0,1.4196556280186462e-28,4.031365156183283e-28,6.263164005638292e-26
3.22e+22,5.643709840097917e-06,0.9999943558835709,3.281530495344107e-10,7.843582466590469e-11,0.0,1072.2409841176677,1.3382827730029607,0.13332783600595868,5.681770042206413e+21,2.4962518259570053e+25,1.3401142000939045e-15,0.0,0.0,0.0,0.0,1.1698562440041636e-26,3.443697996006019e-26,6.775929576178492e-24
3.22e+22,9.358944452308496e-07,0.9999990640920765,8.924381991601166e-12,4.553973244511354e-12,0.0,665.3403803500444,3.1684774784867042,0.14682840503817668,6.968816257659904e+22,2.6926068884683664e+25,1.3177046382647114e-15,0.0,0.0,0.0,0.0,1.2562674070022448e-26,3.5802699261235503e-26,6.47642043407716e-24
3.22e+22,3.5059568106382535e-06,0.9999964939047609,1.1474683380706607e-10,1.6780659957135238e-11,6.900926126164396e-12,1552.4012609906092,2.67700556831869,0.14297263258271142,5.768365613745577e+22,2.6396803155564073e+25,1.3226094998889906e-15,0.0,0.0,0.0,0.0,1.400827210576019e-26,4.0336964288857906e-26,7.583618218562233e-24
3.22e+22,1.1272789595920566e-06,0.9999988727053354,1.312317474881453e-11,2.5817084381772002e-12,0.0,1314.9918723788337,0.21985543564679502,0.13021032214023498,4.589778477729267e+19,2.4453984131763745e+25,1.3481125703580082e-15,0.0,0.0,0.0,0.0,9.138985931388405e-27,2.730360841458273e-26,5.586127798504922e-24
3.22e+22,1.8285248707194818e-06,0.9999981714381188,3.073806280759618e-11,6.272196263081056e-12,0.0,1284.7662694975165,5.422554156549644,0.18045222070462089,5.221946250331522e+23,3.0280384969409404e+25,1.3448676465416264e-15,0.0,0.0,0.0,0.0,8.466214305786929e-26,1.925917267633939e-25,1.9743166603516656e-23
3.22e+22,3.4603966687142306e-06,0.9999965394729201,1.115233936970289e-10,1.8196684587426656e-11,6.946789402421517e-13,1447.7919046717682,5.132341281791561,0.17658013253138183,4.823407461870222e+23,2.9971342330753214e+25,1.3378782546046035e-15,0.0,0.0,0.0,0.0,9.762188757747884e-26,2.225696718286943e-25,2.387325796751679e-23
3.22e+22,2.9142184380206663e-07,0.9999997085770701,9.12339833088427e-13,1.738488216409592e-13,0.0,1383.5422730525152,6.067394696599462e-13,0.13014145171729166,82542305.71015845,2.444126350306744e+25,1.3483734985048664e-15,0.0,0.0,0.0,0.0,5.960246973168565e-27,1.7540661350098463e-26,3.000724306902619e-24
3.22e+22,4.2005048720712325e-07,0.9999995799462772,1.8540309891495364e-12,1.3815132063724135e-12,0.0,409.4946434387588,0.17613750209959458,0.12999813946900154,-1.5824337784400515e+19,2.442080655788055e+25,1.348569418504554e-15,0.0,0.0,0.0,0.0,5.678532330225284e-27,1.7875612631363797e-26,3.6908966161187334e-24
3.22e+22,1.0767478687525854e-06,0.9999989232391198,1.1026264457309913e-11,1.9893095674758394e-12,8.685109740520167e-16,1370.6856500769575,5.982927274232727,0.18943996531261165,7.105019736835597e+23,3.0909494724809857e+25,1.3664418889554963e-15,0.0,0.0,0.0,0.0,6.542211003733057e-26,1.4985310829647486e-25,1.6264618476076478e-23
3.22e+22,2.2574583310595748e-10,0.9999999997742048,4.59709041090632e-14,3.419278519044715e-15,0.0,1411.9684335792927,6.192076503741137e-13,0.13014696101194154,-122465540.05664441,2.4436439197633043e+25,1.3484209382995529e-15,0.0,0.0,0.0,0.0,1.170490389078601e-29,3.307633551676274e-29,1.3675341629501554e-26
3.22e+22,5.519298164516586e-06,0.9999944803277455,3.1600652138994626e-10,5.8703834130847e-11,0.0,1302.0799922933213,0.047340621432378986,0.13012936937769345,3.712081012619844e+18,2.4440753536010612e+25,1.3483202686751686e-15,0.0,0.0,0.0,0.0,1.0815211479809815e-26,3.2141487441856895e-26,6.437172937839103e-24
3.22e+22,3.2767864598180956e-08,0.9999999672320978,1.288387589024357e-14,2.4699601066148376e-14,0.0,348.9532670095256,1.5543735714946754,0.13355129590366044,5.608639501583399e+21,2.5008742936627214e+25,1.3378774218105618e-15,0.0,0.0,0.0,0.0,8.815506434033848e-28,2.9219901554249515e-27,4.905931895094443e-25
3.22e+22,5.040272906007117e-06,0.9999949592278117,3.478706936124186e-10,1.5141143076536174e-10,6.666716325446011e-18,551.4503185467676,0.007099125837453695,0.1299763472000022,-1.0906764028011293e+18,2.441541650708676e+25,1.3487307999563746e-15,0.0,0.0,0.0,0.0,1.0617774734758425e-26,3.154964248738962e-26,6.3764579282044015e-24
3.22e+22,4.02104430282408e-06,0.9999959787724089,1.4723297058683516e-10,2.0846088035233585e-11,1.5209101769497276e-11,1593.670684263043,5.056116580552679,0.17551196761077348,4.8250785306383614e+23,2.988445937077964e+25,1.3359761294889076e-15,0.0,0.0,0.0,0.0,6.988819680308678e-26,1.6405207477982365e-25,2.1161226541160095e-23
3.22e+22,6.898086672516328e-06,0.9999931012657912,5.127074600468945e-10,1.348287759396399e-10,0.0,981.6156586825849,0.14114043557362116,0.13009796433342372,4.992255241102497e+18,2.4435600152214402e+25,1.3484017797268376e-15,0.0,0.0,0.0,0.0,1.0879154315592034e-26,3.227515605611684e-26,6.460675481597748e-24
3.22e+22,2.4855501180238534e-06,0.9999975143758144,6.077171225708438e-11,1.329586978833581e-11,0.0,1195.7882979988822,1.0498338953785962,0.13205470726852428,3.020235561237709e+21,2.4757808894229965e+25,1.3432213563589312e-15,0.0,0.0,0.0,0.0,1.056231413296364e-26,3.1403026624516343e-26,6.342365018456326e-24
3.22e+22,4.276153665674864e-07,0.9999995723807623,3.345354593991619e-12,5.255485929993488e-13,0.0,1182.0888225469987,3.491408731489406,0.14962323549051373,1.0846120002191615e+23,2.729969965798974e+25,1.3144484581548009e-15,0.0,0.0,0.0,0.0,9.37293934157702e-27,2.696528167864056e-26,4.55437801602296e-24
3.22e+22,9.533354585249796e-07,0.9999990466530065,8.883949736503498e-12,2.650947792649679e-12,0.0,1010.0990432172028,4.3527437553592065,0.16167166166307945,2.236965021895925e+23,2.8657631884400375e+25,1.315539503655481e-15,0.0,0.0,0.0,0.0,1.8305458815498958e-26,4.9274431077256474e-26,7.763299553652261e-24
3.22e+22,4.594752414284748e-06,0.9999954049882628,2.1159806498777643e-10,4.7724765129395316e-11,0.0,1131.962139301444,2.908562164482162,0.14530594193024005,6.5958452445955475e+22,2.671310622377746e+25,1.319998219061023e-15,0.0,0.0,0.0,0.0,1.5906473091489957e-26,4.482600952446541e-26,8.074585845393058e-24
3.22e+22,3.397739344748711e-07,0.9999996602240813,1.271313824017974e-12,7.131598981965332e-13,0.0,662.5092142311839,2.873910396801617,0.14308998920095062,4.699391020682347e+22,2.643731551232414e+25,1.3207553116175363e-15,0.0,0.0,0.0,0.0,6.95405543804159e-27,2.078881078314838e-26,3.7018877799466096e-24
3.22e+22,4.6805950462617354e-08,0.9999999533694389,1.2358127037806758e-13,4.77935930792419e-13,2.3018829304149263e-17,650.1835288700012,2.853927771801752e-13,0.12999594249583296,-45880871.73803577,2.4422377787592877e+25,1.3484775136349697e-15,0.0,0.0,0.0,0.0,1.3254025173064963e-27,4.148388672302178e-27,6.629712366623294e-25
3.22e+22,3.4561203573610904e-06,0.9999965437332627,1.2327970363427576e-10,1.7612206988599366e-11,5.6521594612194236e-12,1528.6235960710517,0.3533050913537875,0.13039381002230183,1.7442660668258055e+20,2.4484652687556097e+25,1.3476028305927914e-15,0.0,0.0,0.0,0.0,1.0642345766232613e-26,3.162217750030346e-26,6.3484632928442264e-24
3.22e+22,9.592360360916782e-06,0.9999904065636944,9.04877733437608e-10,1.2460064083191565e-10,4.646623128192563e-11,1548.5992503380903,0.07210627851424539,0.13018380357711146,1.5358958969955654e+19,2.444982367711808e+25,1.3481708682983667e-15,0.0,0.0,0.0,0.0,1.1160226976442587e-26,3.303831925203117e-26,6.5536018340713e-24
3.22e+22,3.2141858602273805e-06,0.9999967856831583,1.0335028951050086e-10,2.763142996684203e-11,0.0,1027.3570787931228,3.4828243948384023,0.15159280033265637,1.1515400939534023e+23,2.751270475522537e+25,1.3156688555771554e-15,0.0,0.0,0.0,0.0,1.9239152528536578e-26,5.249052840751039e-26,8.815002030645504e-24
3.22e+22,1.1713552213207134e-06,0.9999988286221321,1.4391974142933384e-11,8.254431065138529e-12,0.0,540.6955336644179,2.229756842129161,0.13844228102115003,2.2511788946951653e+22,2.5752878336361945e+25,1.3292127283704357e-15,0.0,0.0,0.0,0.0,1.0676350957062185e-26,3.141033920167138e-26,6.207562637786742e-24
3.22e+22,4.903798048561535e-08,0.9999999509616729,2.2813848893689155e-13,1.1841809167817775e-13,0.0,1168.297840966138,5.123479231016769e-13,0.13009869062681714,37556826.250328876,2.443399214755401e+25,1.3484940050206e-15,0.0,0.0,0.0,0.0,1.634451291195487e-27,4.781182410578668e-27,7.003675403038247e-25
3.22e+22,4.505135787670458e-06,0.9999954946413365,1.9096649782142476e-10,3.0500463680861895e-11,1.424881492276136e-12,1447.087450435092,3.936906889998577,0.15791513851661645,2.0086267538503987e+23,2.823519699915066e+25,1.3157866732415786e-15,0.0,0.0,0.0,0.0,2.302515234352076e-26,6.159794445230765e-26,1.0158586206254804e-23
3.22e+22,3.2107991151910086e-06,0.9999967890675624,1.1464986133221929e-10,1.6818203412663263e-11,1.9262634592392786e-12,1504.6694158174723,0.06303301607861124,0.13017264873343998,9.441226391436894e+18,2.4447823757830014e+25,1.3482096347575686e-15,0.0,0.0,0.0,0.0,1.0526745371091804e-26,3.130680398180852e-26,6.3043156515441906e-24
3.22e+22,1.6779596945827007e-09,0.99999999832203,9.172658148920915e-15,1.1012661087384956e-15,0.0,1430.5920562692672,6.273747754775054e-13,0.1301506607266005,-81934347.99469654,2.4437308983882245e+25,1.3484357482259258e-15,0.0,0.0,0.0,0.0,7.922961255635883e-29,2.238069824909007e-28,3.907109243684373e-26
3.22e+22,4.5474989000694185e-06,0.9999954522664738,1.8952625338392316e-10,2.658470337396668e-11,1.851519408553324e-11,1588.6237903633214,3.6488036632503222,0.15406900717196056,1.620380284467342e+23,2.78033563722072e+25,1.315331128227565e-15,0.0,0.0,0.0,0.0,1.9267691318064587e-26,5.307916969540982e-26,9.243834012942484e-24
3.22e+22,1.2663148429207181e-06,0.9999987336600692,1.647699334965973e-11,8.610738800842173e-12,0.0,615.5178290005234,2.6493626786339473,0.14197826642541064,3.999375601334727e+22,2.626372349274239e+25,1.3235491828210993e-15,0.0,0.0,0.0,0.0,1.208657958128998e-26,3.4920761263234444e-26,6.628844504095383e-24
3.22e+22,9.64303096038569e-07,0.9999990356863674,8.513549863902648e-12,2.02297043679221e-12,0.0,1179.259325754121,0.18665634908485648,0.13015982300502696,2.4800770684431856e+19,2.4445696591755177e+25,1.3482439596057767e-15,0.0,0.0,0.0,0.0,8.722099508301396e-27,2.6170347242523793e-26,5.366209243408134e-24
3.22e+22,1.0824136608732158e-06,0.9999989175655354,1.2851852974499235e-11,7.951941367496912e-12,0.0,472.613091205901,0.17857674076560368,0.13001490823187697,-1.2246892574320175e+19,2.4422426130983155e+25,1.3485910717133525e-15,0.0,0.0,0.0,0.0,8.226636092975055e-27,2.5190500672250187e-26,5.435250026251621e-24
3.22e+22,4.495128680882907e-06,0.9999955046211508,2.0367904997640467e-10,4.648922494155854e-11,0.0,1120.7540061219759,0.8572086611445802,0.13141494335487844,1.583269903641951e+21,2.465335681789194e+25,1.3448704614533084e-15,0.0,0.0,0.0,0.0,1.0941548235218254e-26,3.2468260747347827e-26,6.497644054008243e-24
3.22e+22,5.781289308800299e-07,0.9999994218654507,4.652911726839751e-12,9.65816721804422e-13,0.0,1315.120952445591,0.07971059837012805,0.1301383091647485,7.542811936328734e+18,2.444162792436399e+25,1.348331165416812e-15,0.0,0.0,0.0,0.0,7.772813429962772e-27,2.3170396484035738e-26,4.4630433758894575e-24
3.22e+22,8.291116807137581e-07,0.9999991708756321,6.727632195309644e-12,5.959543477658729e-12,0.0,479.28717515728067,0.0005429972093185356,0.1299619577507608,-9.89293006788906e+16,2.4413733575902817e+25,1.3487290904827571e-15,0.0,0.0,0.0,0.0,7.588933386662576e-27,2.3391374732106914e-26,5.041570548977087e-24
3.22e+22,6.001416102036878e-06,0.9999939980738146,3.9367817656951934e-10,1.1640504424260514e-10,0.0,901.4172760031165,0.7038083838162016,0.13094571681352452,7.284706322045686e+20,2.4576267483810033e+25,1.346102946887665e-15,0.0,0.0,0.0,0.0,1.1046601632305254e-26,3.2717378311257436e-26,6.528215485697939e-24
3.22e+22,3.2098778368215957e-06,0.9999967899588599,1.1505543695080352e-10,4.8248019105525294e-11,0.0,691.3900213028503,1.2539275816168716,0.13281033956258362,4.05589736090603e+21,2.488006426794108e+25,1.341333569773662e-15,0.0,0.0,0.0,0.0,1.0951835536693906e-26,3.244160993300847e-26,6.504407146400485e-24
3.22e+22,3.6794189449145957e-06,0.9999963204166983,1.3831021867187786e-10,2.6414371643302187e-11,7.62154373831485e-15,1304.381884481167,0.06030914351542122,0.13013228693972878,4.902679822609706e+18,2.444120147456871e+25,1.3483144567385272e-15,0.0,0.0,0.0,0.0,1.0531673554979984e-26,3.136660383032995e-26,6.328086449659176e-24
3.22e+22,5.662734230004487e-09,0.9999999943371747,4.3142128816279995e-14,4.791571930278266e-14,0.0,1139.229092302172,4.99601394420748e-13,0.13009290580204932,-704041.4186528147,2.4432830086252523e+25,1.3484807371634077e-15,0.0,0.0,0.0,0.0,2.3196697698891977e-28,6.753157962950317e-28,9.993287062423141e-26
3.22e+22,1.3977682152485711e-06,0.9999986022096138,1.820195545417821e-11,3.9689302437526165e-12,0.0,1223.1116612789629,0.19420170244487256,0.13017470417715157,2.8808171091678056e+19,2.4448195881189716e+25,1.3482019786030622e-15,0.0,0.0,0.0,0.0,9.409399250834171e-27,2.8165532025834524e-26,5.8074755313560214e-24
3.22e+22,1.4664473908535219e-06,0.9999985335235274,2.118352912989403e-11,7.898181233254711e-12,0.0,851.3633642209314,3.845484417611131,0.15535397281224375,1.453757817527516e+23,2.7962609370265073e+25,1.3143992557334325e-15,0.0,0.0,0.0,0.0,1.9169634630886657e-26,5.167434804798292e-26,8.332726862355607e-24
3.22e+22,1.5307997708888967e-06,0.9999984691593675,2.6215143580952437e-11,1.4646437293793348e-11,0.0,509.21040446902765,0.9354984495920544,0.13148373297921156,1.5628242741820043e+21,2.466549599858835e+25,1.3446373028302818e-15,0.0,0.0,0.0,0.0,9.319640206180259e-27,2.813074150735798e-26,5.9184203794349515e-24
3.22e+22,8.782812619248206e-08,0.9999999121734487,8.971213898659754e-13,2.07229865151291e-13,0.0,287.05688999706473,0.002239098166278513,0.1299239566978525,-4.64439396626134e+17,2.441293014668804e+25,1.3485261786554938e-15,0.0,0.0,0.0,0.0,1.8955822206900392e-27,6.310800197085731e-27,1.1406704591423015e-24
3.22e+22,3.0578600466615227e-06,0.999996942032869,8.915886880689794e-11,1.7925623467422665e-11,0.0,1259.0239162556443,4.697887836222881,0.16895311877689131,3.37498409530026e+23,2.9333299360025662e+25,1.324733203841467e-15,0.0,0.0,0.0,0.0,4.6443867867491195e-26,1.1277900965901007e-25,1.4518334652336563e-23
3.22e+22,1.066097772101756e-05,0.9999893375233998,1.2295195291281294e-09,2.6935963367969336e-10,0.0,1098.9209117398173,0.006662735845470044,0.13008503553283227,1.3551236726433834e+17,2.443342337337649e+25,1.3484386356876606e-15,0.0,0.0,0.0,0.0,1.119386184268328e-26,3.3061081050320147e-26,6.558109018461821e-24
3.22e+22,4.9425554644608665e-06,0.9999950571010924,2.6700162712308044e-10,7.644162689575019e-11,0.0,938.0955131595039,0.024024086127686667,0.1300540564952533,-4.954039169928167e+17,2.4428285549012176e+25,1.3485222320800827e-15,0.0,0.0,0.0,0.0,1.0659514004024586e-26,3.1737122515935776e-26,6.399446766914218e-24
3.22e+22,2.7722636275914475e-06,0.9999972276499799,6.968242169518778e-11,1.0200374536652713e-11,6.5095174326200836e-12,1584.3702683217348,5.996124118937086,0.19252130197022854,8.064848606486422e+23,3.1048819592226466e+25,1.3802848403971687e-15,0.0,0.0,0.0,0.0,2.0003430197095885e-24,4.05066600067897e-24,1.883543321282483e-22
3.22e+22,4.803526765076227e-06,0.9999951962133188,2.2172517526317452e-10,3.8141593517776275e-11,4.9563937090925437e-14,1374.095108688811,2.5626008743712596,0.14197876013209942,4.79098053551424e+22,2.6257893158532724e+25,1.3239623072726464e-15,0.0,0.0,0.0,0.0,1.422597310268881e-26,4.088200897998444e-26,7.65037308383129e-24
3.22e+22,3.849106043799618e-06,0.999996150715476,1.4677999392176548e-10,3.1700070968057807e-11,0.0,1182.4719695666474,0.24162198280211988,0.13020645476857753,4.392398287520193e+19,2.4453622796948857e+25,1.3481069224159008e-15,0.0,0.0,0.0,0.0,1.0530333416581197e-26,3.137718928554734e-26,6.338498581507026e-24
3.22e+22,4.929188326364043e-06,0.9999950704532227,2.68232290469917e-10,9.021855491919594e-11,0.0,821.2600997268406,1.0846252220027697,0.1321564776256668,2.653082708123659e+21,2.477430431345594e+25,1.3429682721286971e-15,0.0,0.0,0.0,0.0,1.1228465960846938e-26,3.3179137743165386e-26,6.5988887966389154e-24
3.22e+22,3.506634816344838e-09,0.9999999964933536,1.0373271180720882e-14,1.2733315130095326e-15,0.0,1443.2955523537066,6.329458454428112e-13,0.1301531874991552,-41174876.047853515,2.4438056405157594e+25,1.348449402256037e-15,0.0,0.0,0.0,0.0,1.5916119775517711e-28,4.4946380709837175e-28,6.910323694188818e-26
3.22e+22,1.1977623065410439e-05,0.9999880206973576,1.4202619552283096e-09,1.9635380770961724e-10,6.296123262289578e-11,1532.1943068196167,0.02455181926069727,0.13017213286344495,5.045140417594436e+18,2.444789742854831e+25,1.348201854986518e-15,0.0,0.0,0.0,0.0,1.1252298598816306e-26,3.3255838657451444e-26,6.583478307812966e-24
3.22e+22,1.9680838330434976e-06,0.9999980318717459,3.638442824092758e-11,8.03696587761633e-12,0.0,1198.1718823981541,0.24739219955730976,0.13021200957457346,4.960758749252131e+19,2.4454490380965994e+25,1.348094886248613e-15,0.0,0.0,0.0,0.0,9.875207537420361e-27,2.9523160870227734e-26,6.0556327248466804e-24
3.22e+22,1.5497126553006406e-06,0.9999984502583041,2.472039237569392e-11,4.320147297716485e-12,0.0,1379.8608393216232,0.16982751129285803,0.13019076877790428,3.1389062529506894e+19,2.4450744306948935e+25,1.3481653821053311e-15,0.0,0.0,0.0,0.0,9.711097646491963e-27,2.8956832883547507e-26,5.917342795215695e-24
3.22e+22,2.22077180132705e-06,0.999997779169913,4.832193882285811e-11,9.963845181846559e-12,0.0,1260.9796209014035,0.200261987307132,0.13018784477914647,3.232253387970027e+19,2.4450429203539e+25,1.3481634045281322e-15,0.0,0.0,0.0,0.0,1.0030590739927172e-26,2.995081375319181e-26,6.120959642586502e-24
3.22e+22,2.463815073793018e-07,0.9999997536172336,7.449201438043536e-13,5.139082278813076e-13,0.0,544.3636026998229,2.5994634205879645,0.1405313251556917,3.171816421058186e+22,2.6077899662250155e+25,1.3242680196202631e-15,0.0,0.0,0.0,0.0,5.325644989798392e-27,1.627624735255821e-26,2.89076523948957e-24
3.22e+22,4.0603377473205846e-07,0.9999995939635279,1.7958669534394822e-12,9.012790628440833e-13,0.0,714.6322800613201,3.12328968431873,0.14560207272378403,6.341227215047878e+22,2.6778306526772117e+25,1.3178698194056462e-15,0.0,0.0,0.0,0.0,8.14535819716053e-27,2.400573478886561e-26,4.252027642571558e-24
3.22e+22,2.3623454112325426e-06,0.9999976375887969,5.333735572668184e-11,1.2454563375136397e-11,0.0,1140.1998274201,0.29268792564595525,0.13024451779676413,7.428294281091737e+19,2.445996363020815e+25,1.348002216635471e-15,0.0,0.0,0.0,0.0,1.0045013704102955e-26,3.003047218136856e-26,6.147095431916428e-24
3.22e+22,2.845024020790215e-06,0.9999971548839731,7.837678387841112e-11,1.3628862415198807e-11,5.47045554420162e-16,1380.7911038825127,1.8529649280870808,0.136240823054777,1.750230525178134e+22,2.5417662355469845e+25,1.3336746610615007e-15,0.0,0.0,0.0,0.0,1.1833277426831678e-26,3.4740903329743903e-26,6.808229748776654e-24
3.22e+22,2.8220150033720357e-10,0.9999999997177917,3.865591186842574e-15,2.810138583443174e-15,0.0,1382.9531540377843,6.064836126482473e-13,0.13014120943645316,-109324169.90762216,2.4436028201189645e+25,1.3484265752981475e-15,0.0,0.0,0.0,0.0,1.4327516031025267e-29,4.063703094198681e-29,1.436681881219302e-26
3.22e+22,6.594181017061172e-06,0.9999934052794154,4.475574007007477e-10,9.200994842643929e-11,0.0,1185.353716077366,0.08527105651312103,0.13011535961686316,5.429642257428718e+18,2.443845597216588e+25,1.3483565655563985e-15,0.0,0.0,0.0,0.0,1.0921538965981617e-26,3.242206349164143e-26,6.480431105880668e-24
3.22e+22,5.084025687050059e-06,0.9999949156595429,2.588969724854594e-10,5.587289995232065e-11,0.0,1160.9642663447069,1.3452672563751193,0.13337130504807806,6.078803202041107e+21,2.4969442828216304e+25,1.3400107996120259e-15,0.0,0.0,0.0,0.0,1.1608436927092223e-26,3.4216094455741316e-26,6.745867028679922e-24
3.22e+22,2.0476311377063716e-06,0.99999795229349,4.936345353659591e-11,2.6009036653614786e-11,0.0,544.2153600872645,0.1530243407904201,0.13001595957396925,-1.012600481909755e+19,2.4422230195392255e+25,1.348609681261231e-15,0.0,0.0,0.0,0.0,9.46270573212887e-27,2.8557649523746225e-26,5.994757409264741e-24
3.22e+22,4.79042666014626e-06,0.999995209218764,2.6060496161346514e-10,9.397075859961109e-11,0.0,765.8867888906626,0.5798915723456937,0.1306265118924606,3.757934564057855e+20,2.4523565750007396e+25,1.3469540409027269e-15,0.0,0.0,0.0,0.0,1.0754779102468238e-26,3.1959136731615304e-26,6.433580170550913e-24
3.22e+22,8.119082736345264e-06,0.9999918801110654,6.792155570096137e-10,1.2694220949952626e-10,4.108801073991129e-14,1253.7677180644425,0.0329956934929824,0.13011769785210345,2.685414858722874e+18,2.443884057314531e+25,1.348350466207625e-15,0.0,0.0,0.0,0.0,1.1031442147927109e-26,3.2693455517754893e-26,6.512336940950968e-24
3.22e+22,1.7214185244887514e-06,0.9999982785340238,3.1558430531712134e-11,1.5893150158659454e-11,0.0,614.2854968336096,2.033170302419958,0.1371731652912246,1.7757748438763445e+22,2.556101153894976e+25,1.3317119653720565e-15,0.0,0.0,0.0,0.0,1.1263994708439138e-26,3.3083182926790657e-26,6.5448778299184214e-24
3.22e+22,3.533136986435751e-08,0.9999999646682726,2.1567396194527813e-13,1.4187684560277041e-13,3.640325855207926e-22,1051.4104917432287,4.610905502122787e-13,0.1300755016609121,9254572.609193357,2.4431337354716757e+25,1.348491018463688e-15,0.0,0.0,0.0,0.0,1.193581450676499e-27,3.52943422947299e-27,5.196263544884734e-25
3.22e+22,2.857106909910899e-06,0.99999714279738,7.861713430721668e-11,1.709304281496021e-11,0.0,1189.480016215557,0.2942481044613279,0.13025703436170308,7.61998916511369e+19,2.446203071314076e+25,1.3479689601874324e-15,0.0,0.0,0.0,0.0,1.0303998515573803e-26,3.075112357364518e-26,6.2492131965500916e-24
3.22e+22,1.5006785371489152e-06,0.9999984992952966,2.106018379685522e-11,5.105855069488055e-12,0.0,1157.903542597187,4.948354946882032,0.17177215556200845,3.6829483045671974e+23,2.9597339638802705e+25,1.327485728079617e-15,0.0,0.0,0.0,0.0,3.5706290972664504e-26,8.837478807539205e-26,1.1662724292310992e-23
3.22e+22,1.1183289442424743e-06,0.9999988816658965,2.965434100622208e-12,1.0870810671828222e-11,0.0,416.68342089986857,0.0016464684005009936,0.1299495334566081,-2.5293513385508426e+17,2.441152287713877e+25,1.348771247507305e-15,0.0,0.0,0.0,0.0,8.229324818106463e-27,2.5219859161471173e-26,5.462004056489795e-24
3.22e+22,1.9359651021374487e-08,0.999999980640214,9.677106580099288e-14,3.8220121415139e-14,0.0,1192.39001068757,5.22916096719559e-13,0.1301034575604194,34644474.71651703,2.4434253618544487e+25,1.348495152759434e-15,0.0,0.0,0.0,0.0,7.305063058387455e-28,2.1205036773811685e-27,3.0311872439410247e-25
3.22e+22,6.570899558857959e-10,0.999999999342885,2.299384458735027e-14,2.2938781291692435e-15,0.0,1394.6726485951708,6.116219749870514e-13,0.1301435346391556,-101146133.87709053,2.443636115053953e+25,1.3484297671172997e-15,0.0,0.0,0.0,0.0,3.211008221583102e-29,9.099449457018434e-29,2.117189645365225e-26
3.22e+22,1.2216780880897364e-06,0.9999987783044509,1.4387197263916536e-11,3.0736816040878086e-12,0.0,1242.8469856805184,5.14518042749975,0.1746251706052827,4.2477802572496756e+23,2.9843821985796686e+25,1.331650675267244e-15,0.0,0.0,0.0,0.0,3.1933351031816465e-26,7.989903658169479e-26,1.0915169138684262e-23
3.22e+22,3.858576376810378e-06,0.999996141181328,1.723093097127605e-10,6.998586651751283e-11,0.0,695.0122643257669,0.21518973384759768,0.13008795342062524,5.220486548900466e+18,2.4434047093100837e+25,1.3484224167730302e-15,0.0,0.0,0.0,0.0,1.0353580758991623e-26,3.091105851439436e-26,6.2949392059057664e-24
3.22e+22,5.3089835309544855e-06,0.9999946906235799,3.0300680846009413e-10,8.98822550068936e-11,0.0,910.465880546672,1.3954342011201015,0.13357315179440776,5.928402385210259e+21,2.5001625067163585e+25,1.3395314101405526e-15,0.0,0.0,0.0,0.0,1.1748872925869974e-26,3.4530898358499563e-26,6.781963488199951e-24
3.22e+22,1.2606739654900096e-06,0.999998739308321,1.460001274479154e-11,3.1137996544926297e-12,0.0,1243.6019369933426,5.132072802405004,0.17447726314356513,4.202336443129465e+23,2.98304979145931e+25,1.331490248012172e-15,0.0,0.0,0.0,0.0,3.249637451698325e-26,8.119406847789263e-26,1.1082805626805181e-23
3.22e+22,1.1731827480484782e-06,0.9999988268126243,0.0,1.2053641533482221e-11,0.0,416.0019881843304,1.8499647004258785e-13,0.12994939252711063,-40345163.404878356,2.4411468243339685e+25,1.3487734276791923e-15,0.0,0.0,0.0,0.0,8.329436336723722e-27,2.5498772532488284e-26,5.520093402330936e-24
3.22e+22,2.4019387213718487e-12,0.9999999999975968,1.7578015883576364e-16,9.970870959967241e-16,0.0,1211.9934507242713,5.315128732543732e-13,0.13010732078416884,-56953983.4471231,2.443338188960776e+25,1.348451916310736e-15,0.0,0.0,0.0,0.0,1.4452602870248913e-31,4.172461005666376e-31,7.271019977039319e-27
3.22e+22,1.485726923348115e-16,0.9999999999999998,6.15765733658323e-17,1.5385323427459705e-17,0.0,1391.0612199376058,6.10038113697255e-13,0.1301428150523777,-123542784.3502172,2.4436017797824795e+25,1.3484202196000439e-15,0.0,0.0,0.0,0.0,5.471377087564213e-33,1.5996615793928174e-32,9.077768139594284e-27
3.22e+22,1.5189578959537854e-06,0.9999984810165455,2.114254661016774e-11,4.41594894730131e-12,0.0,1261.7125419417582,5.101849457971529,0.17439604786636997,4.1998555469838716e+23,2.9817253394029984e+25,1.3319069525978871e-15,0.0,0.0,0.0,0.0,3.720916073840922e-26,9.179079773608147e-26,1.2326808018924893e-23
3.22e+22,4.37961530058558e-06,0.9999956200817995,2.18398068796418e-10,8.450189488787608e-11,0.0,723.5481929792312,0.3440047616746002,0.13022378991053568,6.320115563951847e+19,2.4456677848819217e+25,1.348049396572339e-15,0.0,0.0,0.0,0.0,1.0517361716754508e-26,3.133207126552727e-26,6.347058205002984e-24
3.22e+22,5.367572259114921e-06,0.9999946320192038,3.133934460922561e-10,9.51435285081425e-11,0.0,889.6444391974663,1.2456932414064406,0.13285416079151138,4.1483484438543414e+21,2.4886812417694707e+25,1.3412469686970215e-15,0.0,0.0,0.0,0.0,1.1546684729914864e-26,3.4015393189068406e-26,6.715323929367439e-24
